member_id,committed_at,additions,deletions
m1,2024-05-06 19:31:00,340,137
m1,2024-05-29 06:27:00,154,38
m1,2024-05-13 06:32:00,346,66
m1,2024-05-14 06:49:00,262,92
m1,2024-05-03 08:26:00,172,70
m1,2024-05-27 01:02:00,150,24
m1,2024-05-12 08:24:00,274,68
m1,2024-05-11 00:07:00,311,90
m1,2024-05-28 00:09:00,97,36
m1,2024-05-25 00:48:00,296,75
m1,2024-05-18 20:49:00,235,24
m1,2024-05-07 01:42:00,248,102
m1,2024-05-02 20:14:00,135,49
m1,2024-05-04 19:45:00,390,138
m1,2024-05-23 22:36:00,305,83
m1,2024-05-02 08:51:00,364,70
m1,2024-05-26 22:26:00,88,28
m1,2024-05-20 00:24:00,225,95
m1,2024-05-03 19:46:00,113,32
m1,2024-05-22 08:09:00,135,51
m1,2024-05-07 22:41:00,321,78
m1,2024-05-18 23:57:00,49,22
m2,2024-05-24 02:32:00,40,17
m2,2024-05-06 03:25:00,253,88
m2,2024-05-18 19:45:00,677,78
m2,2024-05-13 03:08:00,591,83
m2,2024-05-10 07:59:00,79,18
m2,2024-05-17 20:57:00,378,110
m2,2024-05-09 01:40:00,303,143
m2,2024-05-15 06:16:00,99,23
m2,2024-05-08 18:21:00,170,77
m2,2024-05-24 22:06:00,211,77
m2,2024-05-28 05:19:00,230,107
m2,2024-05-04 20:33:00,80,19
m2,2024-05-27 22:12:00,117,25
m2,2024-05-28 08:56:00,212,35
m2,2024-05-29 08:09:00,164,65
m2,2024-05-25 19:31:00,270,61
m2,2024-05-12 23:53:00,283,112
m2,2024-05-04 08:14:00,275,41
m2,2024-05-21 20:22:00,724,325
m2,2024-05-18 08:46:00,607,296
m2,2024-05-27 18:10:00,239,36
m2,2024-05-07 22:30:00,380,143
m2,2024-05-26 06:01:00,77,30
m2,2024-05-22 02:55:00,245,63
m2,2024-05-16 03:18:00,184,39
m2,2024-05-28 02:33:00,132,46
m2,2024-05-22 00:00:00,89,30
m2,2024-05-29 00:28:00,113,46
m2,2024-05-10 06:15:00,303,58
m2,2024-05-24 07:52:00,211,72
m3,2024-05-07 06:19:00,118,18
m3,2024-05-09 20:17:00,276,44
m3,2024-05-20 18:11:00,42,5
m3,2024-05-06 06:23:00,225,51
m3,2024-05-24 06:32:00,166,28
m3,2024-05-03 03:34:00,823,219
m3,2024-05-27 01:53:00,82,35
m3,2024-05-04 04:05:00,194,84
m4,2024-05-21 03:14:00,8,1
m4,2024-05-09 03:13:00,36,8
m4,2024-05-13 23:10:00,413,90
m4,2024-05-21 06:28:00,538,124
m4,2024-05-15 03:12:00,311,97
m4,2024-05-23 20:44:00,237,42
m4,2024-05-26 19:57:00,392,54
m4,2024-05-19 01:56:00,718,111
m4,2024-05-13 02:26:00,76,31
m4,2024-05-23 04:35:00,90,12
m4,2024-05-02 02:28:00,285,88
m4,2024-05-15 01:29:00,238,80
m4,2024-05-23 19:43:00,137,49
m4,2024-05-03 21:40:00,408,95
m4,2024-05-18 22:47:00,269,60
m4,2024-05-11 19:56:00,200,55
m4,2024-05-06 02:56:00,204,84
m4,2024-05-28 03:59:00,408,157
m4,2024-05-09 06:52:00,407,60
m4,2024-05-19 02:00:00,639,180
m4,2024-05-29 00:18:00,45,9
m5,2024-05-13 21:14:00,202,31
m5,2024-05-02 07:17:00,197,22
m5,2024-05-20 06:36:00,154,64
m5,2024-05-07 18:40:00,39,18
m5,2024-05-24 06:50:00,197,22
m5,2024-05-21 01:32:00,87,30
m5,2024-05-22 06:44:00,81,14
m5,2024-05-16 08:44:00,127,15
m5,2024-05-18 21:53:00,66,25
m5,2024-05-22 20:22:00,323,91
m5,2024-05-29 07:34:00,232,36
m5,2024-05-13 02:32:00,409,147
m5,2024-05-21 00:30:00,363,94
m5,2024-05-28 20:56:00,578,128
m5,2024-05-09 00:38:00,81,21
m5,2024-05-28 02:36:00,82,9
m5,2024-05-09 20:13:00,134,44
m6,2024-05-24 18:04:00,144,33
m6,2024-05-08 18:44:00,70,7
m6,2024-05-12 23:42:00,10,3
m6,2024-05-06 01:57:00,20,9
m6,2024-05-23 04:08:00,123,31
m6,2024-05-21 04:12:00,97,30
m6,2024-05-13 06:55:00,145,46
m6,2024-05-29 03:08:00,41,11
m6,2024-05-25 05:02:00,62,17
m6,2024-05-13 21:54:00,67,7
m6,2024-05-07 01:59:00,19,5
m6,2024-05-18 06:50:00,45,15
