team_id,member_id,contribution_pct,compliance,response_min,msg_count,attendance,peer_rating,team_size,is_freerider
T000,T000_m0,36.32,1.0,69.9,45,0.75,4.18,4,0
T000,T000_m1,14.87,0.575,149.9,22,0.125,1.76,4,1
T000,T000_m2,25.01,0.933,38.2,66,1.0,4.31,4,0
T000,T000_m3,23.8,0.642,74.0,49,0.5,3.38,4,0
T001,T001_m0,14.6,0.508,96.6,42,0.625,3.1,6,0
T001,T001_m1,19.88,0.508,59.9,54,0.625,3.95,6,0
T001,T001_m2,17.85,0.933,40.8,47,1.0,4.45,6,0
T001,T001_m3,21.73,0.867,23.0,61,0.875,4.38,6,0
T001,T001_m4,7.18,0.533,124.3,21,0.625,2.39,6,0
T001,T001_m5,18.77,0.867,50.8,49,0.75,3.99,6,0
T002,T002_m0,24.77,0.675,47.4,51,0.625,3.85,4,0
T002,T002_m1,27.85,0.933,34.4,54,0.875,4.26,4,0
T002,T002_m2,33.09,0.867,2.1,64,0.875,4.37,4,0
T002,T002_m3,14.29,0.617,150.6,21,0.25,2.38,4,1
T003,T003_m0,13.22,0.8,82.9,32,0.25,3.16,6,0
T003,T003_m1,19.41,0.867,46.7,45,0.625,4.01,6,0
T003,T003_m2,12.79,0.742,69.6,43,0.625,3.15,6,0
T003,T003_m3,19.47,0.767,76.3,36,0.375,3.81,6,0
T003,T003_m4,22.35,0.933,54.6,33,1.0,4.09,6,0
T003,T003_m5,12.76,0.8,117.8,21,0.75,2.49,6,0
T004,T004_m0,31.05,1.0,74.5,35,0.75,3.49,4,0
T004,T004_m1,44.09,0.575,50.2,56,0.75,4.5,4,0
T004,T004_m2,16.0,0.633,159.1,14,0.5,1.94,4,1
T004,T004_m3,8.87,0.733,150.1,23,0.25,1.58,4,1
T005,T005_m0,24.58,0.933,87.3,36,0.875,3.73,5,0
T005,T005_m1,11.61,0.367,203.9,6,0.25,1.88,5,1
T005,T005_m2,22.5,0.633,117.5,32,0.75,3.18,5,0
T005,T005_m3,14.18,0.45,101.4,26,0.375,2.51,5,1
T005,T005_m4,27.13,0.875,56.5,63,0.375,3.78,5,0
T006,T006_m0,15.63,0.675,65.0,59,0.875,3.49,6,0
T006,T006_m1,19.35,0.867,52.0,54,0.5,3.97,6,0
T006,T006_m2,18.33,0.8,3.9,48,1.0,4.46,6,0
T006,T006_m3,16.8,0.533,71.8,40,0.5,3.64,6,0
T006,T006_m4,20.59,1.0,27.6,57,0.875,4.97,6,0
T006,T006_m5,9.3,0.683,148.3,20,0.375,2.45,6,0
T007,T007_m0,27.8,0.867,21.2,64,1.0,4.0,5,0
T007,T007_m1,26.34,0.8,56.9,52,0.375,3.76,5,0
T007,T007_m2,11.31,0.308,133.2,20,0.375,2.42,5,1
T007,T007_m3,22.81,0.8,85.8,29,0.375,2.82,5,0
T007,T007_m4,11.75,0.808,100.6,35,0.875,2.95,5,0
T008,T008_m0,16.54,1.0,68.2,51,0.625,3.58,5,0
T008,T008_m1,21.28,0.808,76.5,40,1.0,3.73,5,0
T008,T008_m2,13.05,0.675,132.2,22,0.25,2.65,5,1
T008,T008_m3,23.78,0.733,48.8,44,0.75,3.8,5,0
T008,T008_m4,25.36,0.808,80.2,42,0.5,3.34,5,0
T009,T009_m0,32.03,0.867,2.9,57,0.875,4.53,4,0
T009,T009_m1,23.34,0.633,108.1,30,0.5,3.06,4,0
T009,T009_m2,24.99,0.808,137.0,27,0.25,3.35,4,0
T009,T009_m3,19.64,0.833,76.2,45,0.75,3.26,4,0
T010,T010_m0,16.21,0.742,122.6,36,0.5,2.83,5,0
T010,T010_m1,16.84,0.733,79.1,40,0.75,2.94,5,0
T010,T010_m2,33.76,0.808,58.8,30,0.75,4.17,5,0
T010,T010_m3,18.86,0.767,85.4,40,0.75,4.05,5,0
T010,T010_m4,14.33,0.733,140.2,35,0.5,3.29,5,0
T011,T011_m0,27.96,0.933,36.4,61,0.875,3.94,6,0
T011,T011_m1,19.91,0.8,77.4,41,0.625,3.51,6,0
T011,T011_m2,0.91,0.342,178.1,26,0.25,1.59,6,1
T011,T011_m3,19.24,0.867,54.9,46,0.625,3.74,6,0
T011,T011_m4,11.28,0.558,141.9,32,0.375,2.4,6,0
T011,T011_m5,20.71,0.6,38.0,47,0.5,4.04,6,0
T012,T012_m0,11.41,0.642,101.0,32,0.125,2.25,4,0
T012,T012_m1,28.49,0.575,28.8,58,0.625,3.75,4,0
T012,T012_m2,31.88,0.933,94.4,35,0.75,3.56,4,0
T012,T012_m3,28.21,0.767,104.3,27,0.875,3.33,4,0
T013,T013_m0,32.91,1.0,11.6,62,1.0,4.74,4,0
T013,T013_m1,24.17,0.575,83.5,42,0.875,3.82,4,0
T013,T013_m2,28.72,1.0,2.6,63,1.0,4.44,4,0
T013,T013_m3,14.2,0.8,170.3,17,0.5,2.63,4,0
T014,T014_m0,13.4,0.867,32.7,45,0.875,4.14,6,0
T014,T014_m1,24.78,0.933,11.2,58,1.0,4.33,6,0
T014,T014_m2,15.11,0.867,72.9,39,0.625,3.27,6,0
T014,T014_m3,9.48,0.742,119.4,30,0.375,2.73,6,0
T014,T014_m4,15.8,1.0,47.7,44,1.0,4.11,6,0
T014,T014_m5,21.44,0.767,1.9,77,1.0,4.99,6,0
T015,T015_m0,30.2,0.933,31.8,57,0.875,4.31,5,0
T015,T015_m1,20.84,0.642,151.0,16,0.375,2.88,5,0
T015,T015_m2,11.73,0.933,105.2,33,0.5,2.69,5,0
T015,T015_m3,14.03,0.4,132.7,35,0.25,3.19,5,0
T015,T015_m4,23.2,0.875,74.3,39,0.625,3.27,5,0
T016,T016_m0,24.3,0.742,89.0,30,0.5,3.37,4,0
T016,T016_m1,25.81,0.7,98.8,39,0.375,3.15,4,0
T016,T016_m2,24.91,0.808,52.7,44,0.625,3.82,4,0
T016,T016_m3,24.98,0.683,34.8,76,0.625,3.55,4,0
T017,T017_m0,24.42,0.808,117.8,43,0.875,3.8,5,0
T017,T017_m1,20.57,0.8,23.0,56,0.875,4.3,5,0
T017,T017_m2,16.6,0.567,61.5,39,0.375,3.43,5,0
T017,T017_m3,21.42,0.875,14.9,67,0.875,3.97,5,0
T017,T017_m4,16.99,0.933,39.8,52,0.875,3.48,5,0
T018,T018_m0,18.56,1.0,42.7,48,0.875,4.08,5,0
T018,T018_m1,17.11,0.675,127.0,37,0.5,2.92,5,0
T018,T018_m2,31.94,0.933,14.5,78,0.625,3.95,5,0
T018,T018_m3,14.7,0.742,76.1,43,0.5,3.35,5,0
T018,T018_m4,17.69,0.808,62.9,52,0.75,3.85,5,0
T019,T019_m0,33.95,0.933,52.5,61,1.0,4.68,4,0
T019,T019_m1,35.52,0.833,1.8,71,1.0,5.07,4,0
T019,T019_m2,26.97,0.742,57.4,57,0.875,3.84,4,0
T019,T019_m3,3.55,0.342,111.4,25,0.125,2.02,4,1
T020,T020_m0,22.19,0.867,86.0,37,0.75,3.12,4,0
T020,T020_m1,22.27,0.867,110.3,52,0.5,2.65,4,0
T020,T020_m2,37.64,0.933,14.3,69,0.875,4.15,4,0
T020,T020_m3,17.9,0.867,129.0,26,0.25,2.56,4,0
T021,T021_m0,16.4,0.675,79.0,40,0.75,2.6,6,0
T021,T021_m1,27.92,0.808,78.2,52,0.75,3.67,6,0
T021,T021_m2,20.6,0.808,64.8,54,1.0,3.93,6,0
T021,T021_m3,7.15,0.633,144.3,12,0.125,1.89,6,1
T021,T021_m4,8.1,0.608,189.0,18,0.0,2.09,6,1
T021,T021_m5,19.83,0.867,80.5,59,0.375,3.15,6,0
T022,T022_m0,28.59,1.0,48.0,56,0.75,4.39,5,0
T022,T022_m1,16.03,0.733,139.5,28,0.75,2.72,5,0
T022,T022_m2,20.98,0.867,39.7,52,0.75,4.31,5,0
T022,T022_m3,21.21,0.767,214.8,9,0.25,2.21,5,1
T022,T022_m4,13.19,0.933,161.0,32,0.375,2.26,5,1
T023,T023_m0,25.17,0.808,43.2,50,0.625,4.53,4,0
T023,T023_m1,31.97,0.867,1.9,65,0.875,4.74,4,0
T023,T023_m2,29.89,0.933,17.2,58,1.0,4.43,4,0
T023,T023_m3,12.97,0.808,126.0,29,0.5,3.54,4,0
T024,T024_m0,16.78,0.933,41.3,56,0.625,3.7,4,0
T024,T024_m1,25.04,0.808,24.0,46,0.75,3.9,4,0
T024,T024_m2,21.24,0.575,35.8,46,0.625,3.18,4,0
T024,T024_m3,36.95,0.933,9.9,56,0.875,4.69,4,0
T025,T025_m0,30.58,0.867,2.1,54,1.0,4.78,5,0
T025,T025_m1,4.61,0.667,226.9,9,0.125,1.38,5,1
T025,T025_m2,26.4,0.933,32.1,46,0.875,4.42,5,0
T025,T025_m3,19.47,0.742,38.8,56,0.5,3.41,5,0
T025,T025_m4,18.94,0.808,54.2,53,0.75,3.62,5,0
T026,T026_m0,7.04,0.508,178.5,9,0.125,1.23,5,1
T026,T026_m1,25.12,0.808,66.7,59,0.625,3.99,5,0
T026,T026_m2,20.84,0.767,96.7,46,0.75,3.35,5,0
T026,T026_m3,25.62,0.833,72.0,39,0.75,4.34,5,0
T026,T026_m4,21.38,0.933,33.4,52,0.875,4.33,5,0
T027,T027_m0,22.4,0.933,38.6,55,1.0,4.29,5,0
T027,T027_m1,26.22,0.7,70.0,45,1.0,4.06,5,0
T027,T027_m2,18.61,0.508,99.4,36,0.5,3.12,5,0
T027,T027_m3,17.86,0.933,74.7,48,1.0,3.44,5,0
T027,T027_m4,14.91,0.575,69.8,32,0.375,2.41,5,0
T028,T028_m0,6.27,0.492,171.4,12,0.25,1.67,6,1
T028,T028_m1,8.21,0.642,152.1,21,0.375,2.21,6,1
T028,T028_m2,23.25,0.8,86.5,33,0.625,3.58,6,0
T028,T028_m3,17.18,0.867,115.4,38,0.625,3.2,6,0
T028,T028_m4,22.84,0.8,71.3,46,0.875,4.28,6,0
T028,T028_m5,22.25,0.933,77.5,43,0.625,3.47,6,0
T029,T029_m0,21.48,0.742,89.5,52,0.625,3.23,4,0
T029,T029_m1,37.71,0.767,45.4,63,0.75,3.88,4,0
T029,T029_m2,20.91,0.808,86.2,40,0.25,3.11,4,0
T029,T029_m3,19.9,0.833,102.8,37,0.5,3.53,4,0
T030,T030_m0,27.28,0.808,29.5,49,0.75,4.27,4,0
T030,T030_m1,19.13,0.833,66.1,47,0.625,3.71,4,0
T030,T030_m2,28.54,0.933,37.3,42,0.875,5.07,4,0
T030,T030_m3,25.05,0.767,94.8,50,0.875,3.17,4,0
T031,T031_m0,0.98,0.542,176.8,14,0.0,1.23,6,1
T031,T031_m1,24.02,0.767,32.1,50,0.75,4.12,6,0
T031,T031_m2,27.4,0.583,84.2,45,0.625,3.75,6,0
T031,T031_m3,16.91,0.667,125.2,32,0.375,2.84,6,0
T031,T031_m4,17.75,0.8,63.5,45,0.125,3.31,6,0
T031,T031_m5,12.94,0.567,122.0,27,0.625,2.37,6,1
T032,T032_m0,20.22,0.867,70.7,34,1.0,3.93,5,0
T032,T032_m1,20.16,0.533,65.3,56,0.75,3.93,5,0
T032,T032_m2,25.44,1.0,32.8,45,0.875,4.86,5,0
T032,T032_m3,22.41,0.617,4.7,78,1.0,4.39,5,0
T032,T032_m4,11.77,0.742,83.8,28,0.875,2.41,5,0
T033,T033_m0,37.14,0.683,91.8,43,0.625,3.34,4,0
T033,T033_m1,50.24,0.933,40.9,54,0.875,4.68,4,0
T033,T033_m2,10.91,0.242,141.4,31,0.375,2.31,4,1
T033,T033_m3,1.71,0.283,172.4,25,0.375,1.01,4,1
T034,T034_m0,27.82,0.8,119.7,46,0.25,2.06,5,1
T034,T034_m1,24.62,0.675,93.6,27,0.375,2.65,5,0
T034,T034_m2,31.69,0.867,100.0,22,0.75,3.39,5,0
T034,T034_m3,13.76,0.342,131.2,23,0.125,2.0,5,1
T034,T034_m4,2.1,0.5,141.9,17,0.25,1.31,5,1
T035,T035_m0,28.43,1.0,54.1,58,0.75,4.76,5,0
T035,T035_m1,17.09,0.808,84.8,38,0.625,3.37,5,0
T035,T035_m2,6.07,0.442,121.0,29,0.25,2.33,5,0
T035,T035_m3,20.86,0.7,45.9,60,0.75,4.12,5,0
T035,T035_m4,27.55,1.0,30.6,53,1.0,4.71,5,0
T036,T036_m0,30.38,0.933,66.9,48,1.0,4.1,4,0
T036,T036_m1,28.59,1.0,2.0,66,1.0,4.87,4,0
T036,T036_m2,24.85,0.75,39.1,46,0.875,3.73,4,0
T036,T036_m3,16.18,0.767,106.3,37,0.25,2.81,4,0
T037,T037_m0,27.2,0.867,22.8,50,0.875,4.48,6,0
T037,T037_m1,5.79,0.433,170.2,12,0.25,2.21,6,1
T037,T037_m2,22.9,0.767,73.2,43,0.625,3.69,6,0
T037,T037_m3,8.62,0.608,265.4,8,0.375,1.77,6,1
T037,T037_m4,23.87,0.808,61.6,54,0.75,4.44,6,0
T037,T037_m5,11.63,0.742,80.5,42,0.375,3.29,6,0
T038,T038_m0,27.64,0.833,99.9,33,0.5,3.21,4,0
T038,T038_m1,21.4,0.733,59.0,54,0.625,3.48,4,0
T038,T038_m2,14.17,0.675,153.8,17,0.25,2.09,4,1
T038,T038_m3,36.79,0.867,50.9,48,0.875,3.94,4,0
T039,T039_m0,11.41,0.55,112.9,38,0.25,2.17,5,1
T039,T039_m1,24.49,0.767,58.0,50,0.375,3.71,5,0
T039,T039_m2,9.12,0.35,155.1,16,0.125,2.47,5,1
T039,T039_m3,26.43,0.742,104.7,45,0.5,3.65,5,0
T039,T039_m4,28.54,0.642,47.8,57,0.625,4.15,5,0
T040,T040_m0,40.87,0.742,67.6,48,0.625,4.02,5,0
T040,T040_m1,5.62,0.575,245.3,19,0.25,2.08,5,1
T040,T040_m2,42.34,0.867,78.9,28,0.625,3.42,5,0
T040,T040_m3,1.97,0.342,235.4,10,0.0,0.99,5,1
T040,T040_m4,9.2,0.642,209.6,13,0.5,1.44,5,1
T041,T041_m0,26.94,0.575,62.7,45,0.75,3.29,4,0
T041,T041_m1,22.24,0.575,92.6,41,0.625,3.8,4,0
T041,T041_m2,23.78,0.8,69.3,28,0.625,3.52,4,0
T041,T041_m3,27.04,0.7,33.1,55,0.625,4.22,4,0
T042,T042_m0,24.61,0.767,2.0,58,1.0,4.58,6,0
T042,T042_m1,11.58,0.633,113.0,39,0.625,3.19,6,0
T042,T042_m2,17.65,0.633,90.1,32,0.5,3.51,6,0
T042,T042_m3,24.67,0.867,23.7,46,0.75,4.53,6,0
T042,T042_m4,9.63,0.867,77.1,43,0.375,3.11,6,0
T042,T042_m5,11.84,0.742,182.0,21,0.375,2.53,6,1
T043,T043_m0,31.74,0.767,67.0,50,0.5,3.95,4,0
T043,T043_m1,19.77,0.808,129.4,23,0.375,3.29,4,0
T043,T043_m2,28.32,1.0,40.6,57,0.875,4.69,4,0
T043,T043_m3,20.17,0.8,56.3,47,0.875,3.33,4,0
T044,T044_m0,19.91,0.767,49.3,60,0.5,3.66,5,0
T044,T044_m1,19.46,0.675,63.9,49,0.625,3.52,5,0
T044,T044_m2,16.29,0.492,82.5,48,0.5,3.23,5,0
T044,T044_m3,18.47,0.7,51.6,43,0.75,4.08,5,0
T044,T044_m4,25.87,0.8,67.2,43,0.75,3.33,5,0
T045,T045_m0,19.98,0.767,98.4,34,0.5,3.55,4,0
T045,T045_m1,26.22,0.6,56.8,48,0.625,3.67,4,0
T045,T045_m2,34.16,0.308,72.9,44,0.375,3.96,4,0
T045,T045_m3,19.64,0.7,112.0,40,0.75,3.27,4,0
T046,T046_m0,20.93,0.808,25.6,65,0.75,4.03,5,0
T046,T046_m1,20.73,0.767,92.1,27,1.0,3.15,5,0
T046,T046_m2,21.83,0.867,43.7,41,0.875,4.11,5,0
T046,T046_m3,18.0,0.583,64.1,42,0.75,4.19,5,0
T046,T046_m4,18.52,0.933,18.5,48,0.875,4.47,5,0
T047,T047_m0,20.75,0.875,84.5,39,0.5,4.3,6,0
T047,T047_m1,9.37,0.667,130.3,23,0.125,2.3,6,1
T047,T047_m2,16.56,0.933,66.2,44,0.75,3.57,6,0
T047,T047_m3,16.5,0.867,41.5,59,0.75,4.4,6,0
T047,T047_m4,18.62,0.867,34.8,46,1.0,4.26,6,0
T047,T047_m5,18.21,0.933,42.9,62,0.5,4.34,6,0
T048,T048_m0,15.41,0.7,52.9,55,0.875,3.95,5,0
T048,T048_m1,32.22,1.0,37.3,66,1.0,4.43,5,0
T048,T048_m2,26.26,0.933,32.0,55,0.875,4.28,5,0
T048,T048_m3,7.28,0.542,187.3,22,0.25,1.87,5,1
T048,T048_m4,18.84,0.867,105.2,34,0.5,3.45,5,0
T049,T049_m0,7.12,0.45,133.2,12,0.125,1.57,6,1
T049,T049_m1,18.24,0.533,37.5,55,0.875,3.88,6,0
T049,T049_m2,24.41,0.733,35.0,55,1.0,4.56,6,0
T049,T049_m3,24.27,0.8,11.1,73,1.0,4.52,6,0
T049,T049_m4,3.99,0.183,219.7,10,0.0,0.63,6,1
T049,T049_m5,21.97,0.933,72.0,29,0.5,3.47,6,0
T050,T050_m0,28.15,1.0,13.3,56,1.0,4.87,6,0
T050,T050_m1,7.16,0.342,126.7,16,0.125,1.9,6,1
T050,T050_m2,18.54,0.8,74.2,39,0.875,3.63,6,0
T050,T050_m3,19.76,0.867,55.3,59,0.875,3.73,6,0
T050,T050_m4,20.43,0.7,81.2,33,0.75,4.01,6,0
T050,T050_m5,5.95,0.867,137.9,39,0.625,1.85,6,1
T051,T051_m0,20.89,0.808,44.5,48,0.625,4.29,6,0
T051,T051_m1,22.28,0.8,21.7,64,0.875,4.25,6,0
T051,T051_m2,22.14,0.808,34.8,53,0.75,4.11,6,0
T051,T051_m3,16.6,0.867,37.0,53,0.625,3.91,6,0
T051,T051_m4,17.36,0.933,84.3,48,0.625,3.96,6,0
T051,T051_m5,0.74,0.5,284.1,4,0.0,1.13,6,1
T052,T052_m0,28.15,0.633,67.5,32,0.5,3.13,4,0
T052,T052_m1,7.27,0.675,212.9,10,0.125,1.38,4,1
T052,T052_m2,32.71,0.867,86.6,51,0.625,4.03,4,0
T052,T052_m3,31.86,0.933,56.1,56,1.0,4.19,4,0
T053,T053_m0,19.55,1.0,100.4,31,0.75,3.91,5,0
T053,T053_m1,14.52,0.867,74.8,45,1.0,3.9,5,0
T053,T053_m2,24.06,0.767,83.4,47,0.75,4.09,5,0
T053,T053_m3,20.54,0.742,40.6,65,0.875,4.04,5,0
T053,T053_m4,21.33,0.867,21.4,69,0.75,4.05,5,0
T054,T054_m0,19.82,0.608,70.4,45,0.625,3.48,5,0
T054,T054_m1,17.05,0.8,93.2,29,0.5,3.54,5,0
T054,T054_m2,28.09,1.0,24.1,57,1.0,4.28,5,0
T054,T054_m3,17.99,0.8,118.6,44,0.5,2.54,5,0
T054,T054_m4,17.06,0.742,98.0,28,0.625,3.41,5,0
T055,T055_m0,18.1,0.8,52.9,51,0.875,3.66,6,0
T055,T055_m1,15.91,0.633,63.6,47,0.875,3.7,6,0
T055,T055_m2,21.5,0.675,47.3,50,0.875,3.71,6,0
T055,T055_m3,17.32,0.7,53.9,42,0.75,3.97,6,0
T055,T055_m4,16.08,0.875,1.8,61,1.0,4.75,6,0
T055,T055_m5,11.08,0.675,92.0,48,0.5,2.9,6,0
T056,T056_m0,13.02,0.408,114.3,25,0.875,3.23,6,0
T056,T056_m1,24.14,0.875,2.0,64,1.0,4.3,6,0
T056,T056_m2,20.97,0.642,71.3,37,0.75,4.27,6,0
T056,T056_m3,2.73,0.342,147.1,10,0.125,1.57,6,1
T056,T056_m4,16.79,0.8,104.7,34,0.75,3.04,6,0
T056,T056_m5,22.35,1.0,1.9,56,1.0,4.47,6,0
T057,T057_m0,12.68,0.325,160.9,18,0.25,2.34,6,1
T057,T057_m1,17.96,0.7,129.8,32,0.5,3.19,6,0
T057,T057_m2,10.46,0.7,95.9,34,0.875,3.03,6,0
T057,T057_m3,23.56,0.867,44.1,56,0.875,4.6,6,0
T057,T057_m4,24.96,0.533,83.6,37,0.75,3.85,6,0
T057,T057_m5,10.37,0.867,138.2,34,0.375,3.39,6,0
T058,T058_m0,7.12,0.542,134.4,21,0.5,2.11,6,1
T058,T058_m1,10.58,0.55,102.3,26,0.375,2.79,6,0
T058,T058_m2,14.7,0.8,67.2,50,0.25,3.21,6,0
T058,T058_m3,20.65,0.767,49.3,59,0.875,4.03,6,0
T058,T058_m4,24.63,0.833,34.1,56,1.0,4.73,6,0
T058,T058_m5,22.33,0.867,2.2,61,1.0,4.84,6,0
T059,T059_m0,17.28,0.933,51.5,64,0.625,4.69,6,0
T059,T059_m1,14.85,0.933,63.9,46,0.75,3.66,6,0
T059,T059_m2,22.72,0.933,33.9,45,1.0,4.7,6,0
T059,T059_m3,9.45,0.833,102.2,30,0.25,3.18,6,0
T059,T059_m4,20.93,0.867,66.4,42,0.625,3.92,6,0
T059,T059_m5,14.78,0.833,68.9,49,0.75,3.77,6,0
T060,T060_m0,22.19,0.742,65.0,37,0.625,3.5,4,0
T060,T060_m1,30.76,0.867,2.1,59,1.0,4.72,4,0
T060,T060_m2,27.97,1.0,39.9,56,0.875,4.6,4,0
T060,T060_m3,19.08,0.933,67.3,48,0.75,3.53,4,0
T061,T061_m0,19.64,0.392,97.1,23,0.25,2.64,5,0
T061,T061_m1,18.58,0.617,139.1,21,0.25,2.37,5,1
T061,T061_m2,19.68,0.833,48.4,64,1.0,3.86,5,0
T061,T061_m3,24.8,1.0,26.2,47,0.625,3.76,5,0
T061,T061_m4,17.29,0.7,72.6,56,0.875,2.8,5,0
T062,T062_m0,29.31,0.642,26.8,62,0.625,4.01,4,0
T062,T062_m1,26.33,1.0,40.2,57,0.875,4.24,4,0
T062,T062_m2,23.13,0.733,74.6,60,0.875,3.72,4,0
T062,T062_m3,21.23,0.833,92.0,42,0.5,3.03,4,0
T063,T063_m0,42.8,0.642,5.8,67,0.75,4.42,4,0
T063,T063_m1,18.5,0.533,148.0,23,0.375,2.36,4,1
T063,T063_m2,12.37,0.483,209.6,18,0.375,1.74,4,1
T063,T063_m3,26.34,0.517,47.0,44,0.625,2.75,4,0
T064,T064_m0,27.36,0.933,62.1,42,0.75,4.14,4,0
T064,T064_m1,22.41,0.933,15.4,66,0.875,4.07,4,0
T064,T064_m2,28.32,0.625,57.5,61,0.875,4.41,4,0
T064,T064_m3,21.91,0.933,77.9,40,0.375,3.38,4,0
T065,T065_m0,31.68,1.0,17.0,57,0.875,4.83,4,0
T065,T065_m1,14.17,0.767,131.0,38,0.5,2.6,4,0
T065,T065_m2,23.78,0.733,95.5,40,0.5,3.54,4,0
T065,T065_m3,30.37,0.933,12.7,63,0.875,5.0,4,0
T066,T066_m0,28.68,0.867,50.3,59,0.875,3.55,5,0
T066,T066_m1,20.67,0.675,83.4,32,0.375,3.44,5,0
T066,T066_m2,22.17,0.933,65.2,51,0.625,3.27,5,0
T066,T066_m3,5.87,0.308,152.0,19,0.25,1.46,5,1
T066,T066_m4,22.6,0.933,73.3,32,0.625,2.64,5,0
T067,T067_m0,4.09,0.542,134.0,16,0.25,2.0,6,1
T067,T067_m1,15.59,0.675,67.5,42,0.75,3.39,6,0
T067,T067_m2,7.61,0.55,168.7,19,0.125,2.16,6,1
T067,T067_m3,19.16,0.675,52.5,45,0.625,3.57,6,0
T067,T067_m4,21.83,0.642,75.6,38,0.375,3.54,6,0
T067,T067_m5,31.72,1.0,1.9,71,0.625,5.23,6,0
T068,T068_m0,35.21,0.833,70.2,54,0.375,3.71,4,0
T068,T068_m1,33.31,0.667,32.9,69,0.5,4.03,4,0
T068,T068_m2,28.9,0.875,8.1,57,0.875,4.23,4,0
T068,T068_m3,2.59,0.442,226.9,17,0.0,1.33,4,1
T069,T069_m0,16.94,1.0,64.8,45,0.75,3.9,6,0
T069,T069_m1,15.47,0.642,77.6,48,0.625,3.09,6,0
T069,T069_m2,12.11,0.808,32.2,57,0.75,3.61,6,0
T069,T069_m3,24.12,0.867,51.5,49,0.875,4.16,6,0
T069,T069_m4,16.19,0.808,92.0,49,0.875,3.37,6,0
T069,T069_m5,15.17,1.0,80.4,43,0.5,3.16,6,0
T070,T070_m0,21.78,0.867,15.0,55,1.0,4.44,6,0
T070,T070_m1,18.82,1.0,46.4,57,0.875,3.95,6,0
T070,T070_m2,21.39,0.933,13.8,69,0.875,4.15,6,0
T070,T070_m3,23.05,1.0,48.3,66,1.0,4.25,6,0
T070,T070_m4,13.43,0.625,101.2,38,0.25,3.14,6,0
T070,T070_m5,1.54,0.483,189.7,6,0.0,1.06,6,1
T071,T071_m0,16.54,0.933,13.3,63,0.625,4.13,6,0
T071,T071_m1,11.55,0.475,122.4,31,0.125,2.16,6,1
T071,T071_m2,11.67,0.8,74.7,38,0.625,3.06,6,0
T071,T071_m3,27.24,0.933,39.9,60,1.0,5.01,6,0
T071,T071_m4,16.34,0.8,98.7,41,0.125,3.03,6,0
T071,T071_m5,16.66,0.833,36.9,50,0.875,3.67,6,0
T072,T072_m0,12.57,0.742,105.9,28,0.5,3.33,5,0
T072,T072_m1,21.9,0.8,40.7,53,0.875,4.16,5,0
T072,T072_m2,20.53,0.867,62.3,49,1.0,4.23,5,0
T072,T072_m3,24.63,0.933,14.5,58,0.875,4.8,5,0
T072,T072_m4,20.36,0.575,11.7,53,0.875,4.38,5,0
T073,T073_m0,9.04,0.867,95.2,43,0.375,2.82,6,0
T073,T073_m1,16.02,0.533,101.5,37,0.75,3.14,6,0
T073,T073_m2,23.37,0.933,54.7,49,0.875,4.37,6,0
T073,T073_m3,15.48,0.533,78.9,56,0.75,3.33,6,0
T073,T073_m4,19.94,0.933,6.9,67,1.0,4.62,6,0
T073,T073_m5,16.13,0.867,122.1,21,0.125,3.08,6,0
T074,T074_m0,29.5,0.933,31.2,57,0.75,4.0,6,0
T074,T074_m1,14.32,0.575,66.1,52,0.125,3.1,6,0
T074,T074_m2,16.43,0.467,127.7,26,0.75,3.15,6,0
T074,T074_m3,14.2,0.508,135.0,23,0.25,2.39,6,1
T074,T074_m4,20.63,0.642,72.0,57,0.25,3.65,6,0
T074,T074_m5,4.93,0.675,60.5,52,0.75,2.57,6,0
T075,T075_m0,18.86,0.933,78.3,43,0.75,4.17,6,0
T075,T075_m1,7.6,0.7,109.6,36,0.625,3.11,6,0
T075,T075_m2,20.87,0.867,93.2,49,0.5,3.65,6,0
T075,T075_m3,18.43,0.933,44.8,50,0.875,3.57,6,0
T075,T075_m4,15.08,0.8,47.5,50,0.75,3.52,6,0
T075,T075_m5,19.15,0.867,22.8,67,0.75,4.53,6,0
T076,T076_m0,21.0,0.55,85.1,49,0.375,3.07,4,0
T076,T076_m1,33.12,0.933,50.5,53,0.875,4.12,4,0
T076,T076_m2,7.51,0.392,147.1,15,0.25,1.66,4,1
T076,T076_m3,38.37,0.933,71.7,34,0.875,3.7,4,0
T077,T077_m0,19.49,0.8,16.5,68,0.75,4.55,6,0
T077,T077_m1,13.14,0.708,89.5,36,0.625,3.16,6,0
T077,T077_m2,22.4,0.867,32.4,46,0.875,4.72,6,0
T077,T077_m3,15.99,0.808,30.0,57,0.875,3.97,6,0
T077,T077_m4,14.34,0.7,55.8,50,0.25,3.29,6,0
T077,T077_m5,14.63,0.575,51.5,55,0.625,3.95,6,0
T078,T078_m0,31.23,0.867,28.0,47,0.75,4.75,5,0
T078,T078_m1,5.17,0.342,235.6,9,0.125,1.6,5,1
T078,T078_m2,28.12,0.583,99.7,40,0.75,3.36,5,0
T078,T078_m3,27.01,0.683,79.1,44,0.75,3.29,5,0
T078,T078_m4,8.47,0.35,227.1,8,0.25,2.05,5,1
T079,T079_m0,8.97,0.575,139.1,20,0.125,2.34,5,1
T079,T079_m1,19.5,0.808,71.8,37,0.25,3.52,5,0
T079,T079_m2,25.11,0.867,24.2,50,0.75,4.22,5,0
T079,T079_m3,19.43,0.933,44.0,44,0.75,3.86,5,0
T079,T079_m4,26.99,0.583,2.3,56,0.875,3.5,5,0
T080,T080_m0,9.29,0.442,126.9,14,0.5,1.75,5,1
T080,T080_m1,19.37,0.867,71.3,47,0.75,3.22,5,0
T080,T080_m2,23.82,0.7,95.3,36,0.5,3.41,5,0
T080,T080_m3,37.78,0.933,89.7,32,0.75,4.35,5,0
T080,T080_m4,9.75,0.617,140.3,23,0.25,2.26,5,1
T081,T081_m0,8.6,0.242,180.0,21,0.125,1.74,4,1
T081,T081_m1,34.16,1.0,2.2,61,1.0,4.94,4,0
T081,T081_m2,27.02,1.0,62.5,37,0.375,4.02,4,0
T081,T081_m3,30.21,0.867,1.9,73,1.0,4.61,4,0
T082,T082_m0,21.51,0.767,55.5,61,0.625,3.75,5,0
T082,T082_m1,15.13,0.517,85.7,48,0.5,3.36,5,0
T082,T082_m2,22.72,0.508,46.9,67,0.625,3.89,5,0
T082,T082_m3,17.5,0.808,59.3,45,0.75,3.19,5,0
T082,T082_m4,23.15,0.875,44.6,49,0.875,4.28,5,0
T083,T083_m0,17.23,0.542,39.2,49,0.875,3.97,6,0
T083,T083_m1,26.75,0.833,41.6,47,0.875,3.99,6,0
T083,T083_m2,0.8,0.467,168.1,20,0.625,1.83,6,1
T083,T083_m3,23.94,0.875,48.9,49,0.75,4.05,6,0
T083,T083_m4,8.97,0.492,119.9,20,0.125,2.56,6,1
T083,T083_m5,22.31,1.0,1.8,65,1.0,4.67,6,0
T084,T084_m0,17.33,0.475,111.2,32,0.625,2.65,5,0
T084,T084_m1,17.05,0.492,85.2,30,0.5,2.89,5,0
T084,T084_m2,17.92,0.933,74.6,47,0.875,3.41,5,0
T084,T084_m3,27.42,0.867,42.7,50,1.0,4.3,5,0
T084,T084_m4,20.28,0.767,85.6,44,0.75,4.04,5,0
T085,T085_m0,17.0,0.7,70.0,32,0.75,3.74,6,0
T085,T085_m1,16.89,1.0,52.2,43,0.625,3.73,6,0
T085,T085_m2,12.7,0.442,80.9,33,0.5,3.3,6,0
T085,T085_m3,21.77,0.933,2.3,71,0.875,4.62,6,0
T085,T085_m4,17.3,0.517,72.2,48,0.625,3.72,6,0
T085,T085_m5,14.33,1.0,50.3,55,1.0,3.92,6,0
T086,T086_m0,17.35,0.75,80.0,43,0.75,3.84,6,0
T086,T086_m1,19.83,0.867,62.5,55,0.5,3.68,6,0
T086,T086_m2,6.64,0.567,130.2,21,0.5,2.52,6,0
T086,T086_m3,16.75,0.933,46.4,42,0.625,4.2,6,0
T086,T086_m4,15.04,0.875,40.3,52,0.875,3.83,6,0
T086,T086_m5,24.39,0.875,37.0,46,0.625,4.27,6,0
T087,T087_m0,12.84,0.742,75.8,38,0.375,2.89,6,0
T087,T087_m1,21.97,0.675,29.5,51,0.875,4.31,6,0
T087,T087_m2,18.18,0.933,36.4,46,0.75,3.83,6,0
T087,T087_m3,19.06,0.617,108.3,35,0.375,3.64,6,0
T087,T087_m4,13.56,0.933,16.7,62,0.75,4.77,6,0
T087,T087_m5,14.39,0.683,96.5,37,0.875,3.22,6,0
T088,T088_m0,19.63,0.933,60.6,53,1.0,4.22,6,0
T088,T088_m1,23.21,0.867,26.9,61,1.0,4.55,6,0
T088,T088_m2,10.06,0.633,117.1,31,0.5,2.45,6,0
T088,T088_m3,19.47,1.0,30.5,49,0.875,4.65,6,0
T088,T088_m4,8.01,0.567,142.4,31,0.125,2.3,6,1
T088,T088_m5,19.61,0.458,105.4,33,0.625,3.27,6,0
T089,T089_m0,24.0,1.0,21.1,49,1.0,4.84,6,0
T089,T089_m1,11.85,0.567,138.6,35,0.375,2.71,6,0
T089,T089_m2,13.4,0.533,74.0,42,0.5,3.54,6,0
T089,T089_m3,15.83,0.533,94.9,31,0.75,3.07,6,0
T089,T089_m4,15.1,0.933,67.0,48,0.875,3.71,6,0
T089,T089_m5,19.83,0.8,43.7,44,0.875,4.81,6,0
T090,T090_m0,9.11,0.467,196.5,14,0.25,1.62,4,1
T090,T090_m1,29.75,0.633,49.9,31,0.625,3.98,4,0
T090,T090_m2,35.71,0.8,91.1,41,0.75,3.84,4,0
T090,T090_m3,25.43,0.933,49.9,52,0.75,3.99,4,0
T091,T091_m0,7.3,0.425,165.5,11,0.25,1.71,6,1
T091,T091_m1,1.41,0.342,85.5,10,0.0,1.01,6,1
T091,T091_m2,19.33,0.933,67.9,39,0.375,3.27,6,0
T091,T091_m3,35.92,0.933,111.0,39,0.75,3.41,6,0
T091,T091_m4,22.47,0.225,147.1,20,0.125,1.81,6,1
T091,T091_m5,13.58,0.342,154.2,14,0.125,1.25,6,1
T092,T092_m0,12.72,0.708,140.7,23,0.625,2.64,4,0
T092,T092_m1,24.36,0.7,92.7,39,0.5,3.64,4,0
T092,T092_m2,28.08,0.767,59.5,37,0.75,3.72,4,0
T092,T092_m3,34.84,0.867,41.4,47,0.75,4.45,4,0
T093,T093_m0,19.57,0.542,41.9,53,0.875,4.46,6,0
T093,T093_m1,11.33,0.733,118.5,41,0.25,2.82,6,0
T093,T093_m2,13.91,0.45,49.6,62,0.625,3.77,6,0
T093,T093_m3,20.8,0.7,35.6,68,0.75,3.84,6,0
T093,T093_m4,20.42,0.742,3.6,64,0.875,4.39,6,0
T093,T093_m5,13.97,0.867,76.5,43,0.75,3.24,6,0
T094,T094_m0,24.47,0.808,10.1,76,0.75,4.24,6,0
T094,T094_m1,17.46,0.867,93.0,44,0.375,3.5,6,0
T094,T094_m2,19.4,0.933,2.0,54,1.0,5.09,6,0
T094,T094_m3,7.41,0.633,154.2,29,0.5,2.66,6,0
T094,T094_m4,17.19,0.608,50.6,60,0.625,4.14,6,0
T094,T094_m5,14.06,0.742,92.1,48,0.75,3.41,6,0
T095,T095_m0,22.17,0.708,35.0,51,0.875,4.25,6,0
T095,T095_m1,6.64,0.675,143.4,24,0.0,2.75,6,0
T095,T095_m2,16.61,0.608,68.0,36,0.75,3.32,6,0
T095,T095_m3,23.76,1.0,31.2,72,0.75,4.66,6,0
T095,T095_m4,18.4,0.675,50.8,45,0.75,4.18,6,0
T095,T095_m5,12.43,1.0,74.4,45,0.75,3.8,6,0
T096,T096_m0,29.64,0.867,28.8,62,0.875,4.32,4,0
T096,T096_m1,27.48,0.867,98.6,44,0.625,4.01,4,0
T096,T096_m2,26.93,0.933,48.1,53,0.875,4.03,4,0
T096,T096_m3,15.96,0.567,88.2,31,0.5,2.85,4,0
T097,T097_m0,23.28,1.0,12.5,60,0.875,5.44,5,0
T097,T097_m1,10.7,0.633,115.5,34,0.75,2.62,5,0
T097,T097_m2,24.83,0.6,71.5,43,1.0,4.43,5,0
T097,T097_m3,21.5,1.0,2.0,54,1.0,4.67,5,0
T097,T097_m4,19.69,1.0,24.3,55,1.0,4.57,5,0
T098,T098_m0,18.2,0.867,25.5,56,1.0,4.27,5,0
T098,T098_m1,21.01,0.867,67.7,43,0.5,3.69,5,0
T098,T098_m2,26.28,0.933,48.3,58,1.0,4.14,5,0
T098,T098_m3,29.33,0.875,28.7,66,1.0,4.8,5,0
T098,T098_m4,5.17,0.675,168.3,19,0.5,2.04,5,1
T099,T099_m0,34.6,0.8,19.9,56,0.375,4.54,4,0
T099,T099_m1,17.97,0.475,61.6,49,0.375,3.46,4,0
T099,T099_m2,24.36,0.708,44.6,52,1.0,3.85,4,0
T099,T099_m3,23.07,0.608,83.0,35,0.5,3.11,4,0
T100,T100_m0,22.58,1.0,54.4,29,1.0,4.29,5,0
T100,T100_m1,20.87,0.8,56.1,38,0.875,3.9,5,0
T100,T100_m2,17.59,0.767,60.5,42,0.75,4.4,5,0
T100,T100_m3,16.91,0.8,69.4,54,0.75,3.33,5,0
T100,T100_m4,22.06,0.8,37.0,50,1.0,3.88,5,0
T101,T101_m0,26.78,0.933,22.2,59,0.875,4.29,6,0
T101,T101_m1,23.72,0.867,56.2,49,0.75,3.81,6,0
T101,T101_m2,17.59,0.567,39.5,56,0.5,3.95,6,0
T101,T101_m3,1.27,0.55,192.7,17,0.25,2.05,6,1
T101,T101_m4,12.29,0.867,76.3,42,0.75,3.13,6,0
T101,T101_m5,18.35,0.7,83.3,39,0.75,3.53,6,0
T102,T102_m0,35.04,0.933,1.9,75,1.0,4.76,5,0
T102,T102_m1,1.19,0.567,582.7,2,0.375,0.97,5,1
T102,T102_m2,41.07,1.0,1.8,57,1.0,5.35,5,0
T102,T102_m3,19.5,0.8,116.4,38,0.125,2.84,5,0
T102,T102_m4,3.2,0.4,144.0,7,0.25,0.91,5,1
T103,T103_m0,23.89,1.0,1.9,55,1.0,4.74,6,0
T103,T103_m1,20.71,0.808,36.9,53,0.625,3.64,6,0
T103,T103_m2,17.44,0.867,92.5,35,0.75,3.59,6,0
T103,T103_m3,16.08,1.0,46.7,49,0.75,4.36,6,0
T103,T103_m4,6.91,0.675,132.4,31,0.0,2.45,6,0
T103,T103_m5,14.97,1.0,72.5,51,0.375,3.96,6,0
T104,T104_m0,20.79,0.867,62.2,47,0.875,4.22,6,0
T104,T104_m1,20.79,0.742,4.9,64,1.0,5.05,6,0
T104,T104_m2,18.3,0.933,44.8,45,0.875,3.82,6,0
T104,T104_m3,2.68,0.542,180.7,20,0.0,1.11,6,1
T104,T104_m4,14.86,1.0,15.6,63,0.875,3.86,6,0
T104,T104_m5,22.57,0.933,1.8,60,1.0,4.62,6,0
T105,T105_m0,37.07,1.0,51.0,66,1.0,4.21,4,0
T105,T105_m1,17.22,0.733,104.1,36,0.625,3.15,4,0
T105,T105_m2,42.69,0.867,14.4,56,1.0,4.38,4,0
T105,T105_m3,3.03,0.633,137.5,35,0.625,2.2,4,1
T106,T106_m0,12.13,0.642,98.4,18,0.5,2.38,5,1
T106,T106_m1,23.51,0.567,96.1,44,0.625,3.47,5,0
T106,T106_m2,21.96,0.933,82.0,48,0.875,3.55,5,0
T106,T106_m3,25.87,0.8,9.4,58,0.875,3.9,5,0
T106,T106_m4,16.52,0.575,73.5,45,0.5,2.93,5,0
T107,T107_m0,21.88,0.867,62.8,44,0.75,4.09,5,0
T107,T107_m1,20.66,0.642,1.9,69,0.625,4.15,5,0
T107,T107_m2,23.99,1.0,66.3,40,1.0,3.8,5,0
T107,T107_m3,23.67,0.867,51.4,38,0.75,4.33,5,0
T107,T107_m4,9.8,0.575,66.9,38,0.125,2.93,5,0
T108,T108_m0,29.95,1.0,72.7,45,1.0,4.01,4,0
T108,T108_m1,28.78,0.933,57.9,50,0.75,4.16,4,0
T108,T108_m2,25.9,0.875,61.3,53,0.75,4.49,4,0
T108,T108_m3,15.37,0.5,93.0,31,0.75,3.12,4,0
T109,T109_m0,21.45,0.642,123.0,25,0.375,3.11,4,0
T109,T109_m1,26.27,0.7,42.7,50,0.375,3.93,4,0
T109,T109_m2,12.08,0.383,229.9,14,0.25,2.06,4,1
T109,T109_m3,40.2,0.875,6.9,68,1.0,4.63,4,0
T110,T110_m0,3.19,0.483,164.0,21,0.375,1.22,6,1
T110,T110_m1,24.29,0.933,70.2,48,0.25,3.84,6,0
T110,T110_m2,21.78,0.667,103.8,32,0.375,3.24,6,0
T110,T110_m3,16.24,0.867,77.4,43,0.625,3.35,6,0
T110,T110_m4,28.36,0.867,16.4,76,0.5,3.98,6,0
T110,T110_m5,6.13,0.575,112.5,15,0.125,1.2,6,1
T111,T111_m0,20.71,0.617,141.0,23,0.5,2.47,5,1
T111,T111_m1,10.66,0.642,126.0,28,0.5,2.19,5,1
T111,T111_m2,24.89,0.867,156.9,17,0.375,2.65,5,1
T111,T111_m3,25.5,0.492,123.0,27,0.375,2.47,5,0
T111,T111_m4,18.24,0.417,88.1,40,0.75,2.85,5,0
T112,T112_m0,24.34,0.808,66.4,36,0.75,3.55,5,0
T112,T112_m1,32.42,0.867,27.6,48,0.625,4.18,5,0
T112,T112_m2,13.77,0.55,93.9,19,0.25,2.06,5,1
T112,T112_m3,4.64,0.6,128.1,16,0.125,1.22,5,1
T112,T112_m4,24.83,0.683,80.2,34,0.75,3.64,5,0
T113,T113_m0,23.61,0.833,45.7,49,0.375,3.81,5,0
T113,T113_m1,16.93,0.808,68.3,43,0.375,3.21,5,0
T113,T113_m2,22.16,1.0,58.0,50,1.0,3.86,5,0
T113,T113_m3,19.62,1.0,60.5,47,0.625,3.31,5,0
T113,T113_m4,17.68,0.867,27.4,49,0.75,3.48,5,0
T114,T114_m0,17.5,0.733,79.9,35,0.375,3.15,6,0
T114,T114_m1,15.91,0.867,129.6,28,0.75,3.25,6,0
T114,T114_m2,21.06,1.0,45.2,54,0.875,4.23,6,0
T114,T114_m3,16.94,0.875,93.5,40,0.625,3.3,6,0
T114,T114_m4,18.48,0.875,1.9,71,1.0,4.62,6,0
T114,T114_m5,10.11,0.45,206.6,15,0.125,2.15,6,1
T115,T115_m0,21.29,0.808,34.8,55,0.625,4.11,5,0
T115,T115_m1,16.73,0.8,44.1,55,0.5,3.35,5,0
T115,T115_m2,24.51,0.867,60.4,49,0.5,3.53,5,0
T115,T115_m3,20.75,0.875,73.6,27,0.875,3.49,5,0
T115,T115_m4,16.71,0.475,70.4,60,0.375,3.25,5,0
T116,T116_m0,26.39,0.75,70.1,42,0.625,3.35,4,0
T116,T116_m1,34.02,0.7,73.8,45,0.75,3.65,4,0
T116,T116_m2,28.06,0.575,104.8,41,0.0,3.4,4,0
T116,T116_m3,11.53,0.833,121.0,40,0.75,2.85,4,0
T117,T117_m0,11.82,0.808,117.0,31,0.375,2.8,5,0
T117,T117_m1,16.91,0.742,72.6,36,0.625,3.51,5,0
T117,T117_m2,18.07,0.8,55.8,52,0.75,3.52,5,0
T117,T117_m3,31.05,1.0,36.6,51,0.875,4.17,5,0
T117,T117_m4,22.15,0.933,40.5,63,0.75,4.11,5,0
T118,T118_m0,15.24,0.575,99.0,34,0.5,3.62,6,0
T118,T118_m1,17.37,0.933,47.8,48,0.375,3.42,6,0
T118,T118_m2,16.53,0.867,40.9,60,0.875,3.9,6,0
T118,T118_m3,19.73,1.0,10.3,61,0.875,5.03,6,0
T118,T118_m4,11.08,0.867,49.6,49,0.5,3.38,6,0
T118,T118_m5,20.05,0.742,91.6,33,0.25,3.41,6,0
T119,T119_m0,11.96,0.642,148.4,23,0.125,3.35,6,0
T119,T119_m1,15.58,0.867,74.9,37,0.375,3.81,6,0
T119,T119_m2,15.83,0.767,94.7,37,0.625,3.16,6,0
T119,T119_m3,17.47,0.867,51.4,50,0.75,3.95,6,0
T119,T119_m4,15.71,0.808,66.7,35,0.125,3.27,6,0
T119,T119_m5,23.44,1.0,1.9,74,1.0,4.7,6,0
T120,T120_m0,21.9,0.767,76.7,49,0.625,4.06,5,0
T120,T120_m1,20.84,0.8,42.4,47,0.5,3.85,5,0
T120,T120_m2,26.73,0.933,20.5,65,0.875,4.85,5,0
T120,T120_m3,6.42,0.617,151.0,20,0.125,2.03,5,1
T120,T120_m4,24.11,0.833,61.9,53,0.875,4.83,5,0
T121,T121_m0,21.45,0.808,11.8,60,1.0,4.66,4,0
T121,T121_m1,29.12,0.933,33.8,61,1.0,4.18,4,0
T121,T121_m2,23.5,0.675,25.1,54,0.625,3.99,4,0
T121,T121_m3,25.92,0.867,62.1,49,0.625,4.13,4,0
T122,T122_m0,19.8,0.933,5.1,53,1.0,4.24,6,0
T122,T122_m1,20.61,0.8,91.0,35,0.5,4.03,6,0
T122,T122_m2,3.38,0.383,120.2,14,0.125,1.5,6,1
T122,T122_m3,17.14,0.542,113.7,25,0.5,3.13,6,0
T122,T122_m4,14.87,0.767,65.9,43,0.75,3.82,6,0
T122,T122_m5,24.19,0.8,27.6,56,0.75,4.62,6,0
T123,T123_m0,18.15,0.492,109.8,37,0.75,2.88,4,0
T123,T123_m1,24.51,0.767,82.3,39,0.75,3.42,4,0
T123,T123_m2,27.49,0.933,24.0,62,1.0,4.08,4,0
T123,T123_m3,29.84,0.8,90.8,42,0.5,3.54,4,0
T124,T124_m0,36.15,1.0,15.1,71,1.0,4.66,4,0
T124,T124_m1,36.68,0.867,64.5,53,1.0,4.7,4,0
T124,T124_m2,20.46,0.7,76.8,46,0.75,3.43,4,0
T124,T124_m3,6.7,0.408,94.2,30,0.5,2.65,4,0
T125,T125_m0,19.87,0.675,98.8,49,0.625,3.38,5,0
T125,T125_m1,18.86,0.808,99.7,31,0.5,3.1,5,0
T125,T125_m2,29.08,0.867,33.5,57,0.875,5.03,5,0
T125,T125_m3,17.17,0.683,65.3,52,0.75,3.5,5,0
T125,T125_m4,15.02,0.742,88.3,38,0.75,3.6,5,0
T126,T126_m0,14.15,0.867,71.4,47,0.875,3.77,6,0
T126,T126_m1,15.16,0.767,48.9,48,0.875,3.31,6,0
T126,T126_m2,19.94,1.0,24.0,61,1.0,4.92,6,0
T126,T126_m3,25.77,0.933,36.5,63,0.75,4.37,6,0
T126,T126_m4,4.02,0.442,142.2,16,0.5,1.84,6,1
T126,T126_m5,20.97,0.867,69.9,58,0.875,4.58,6,0
T127,T127_m0,27.36,1.0,50.2,54,0.75,4.34,5,0
T127,T127_m1,21.84,0.933,44.7,46,1.0,3.99,5,0
T127,T127_m2,26.07,0.933,45.2,66,0.75,4.42,5,0
T127,T127_m3,11.12,0.467,143.3,18,0.375,3.31,5,0
T127,T127_m4,13.61,0.933,22.1,55,1.0,4.24,5,0
T128,T128_m0,27.56,0.7,70.5,26,0.875,3.78,4,0
T128,T128_m1,26.94,0.833,30.3,43,0.75,3.82,4,0
T128,T128_m2,21.18,0.675,65.4,50,0.375,3.65,4,0
T128,T128_m3,24.32,0.933,18.5,63,0.875,4.62,4,0
T129,T129_m0,26.96,0.75,67.5,56,0.75,3.88,4,0
T129,T129_m1,24.01,0.808,79.3,50,0.75,3.18,4,0
T129,T129_m2,27.74,1.0,87.6,40,0.5,3.67,4,0
T129,T129_m3,21.29,0.8,156.3,21,0.5,3.18,4,0
T130,T130_m0,16.45,0.808,43.5,41,0.75,4.0,5,0
T130,T130_m1,25.8,0.7,25.2,56,0.75,4.39,5,0
T130,T130_m2,23.48,0.867,49.6,58,0.625,3.36,5,0
T130,T130_m3,20.39,0.633,67.8,53,0.75,4.32,5,0
T130,T130_m4,13.87,0.933,77.5,49,0.625,4.12,5,0
T131,T131_m0,11.81,0.617,130.2,18,0.5,2.84,4,0
T131,T131_m1,38.67,0.933,82.1,34,0.5,3.51,4,0
T131,T131_m2,15.93,0.467,105.3,26,0.375,2.59,4,0
T131,T131_m3,33.59,0.533,61.8,37,0.5,3.6,4,0
T132,T132_m0,25.0,0.742,16.0,67,0.875,4.48,4,0
T132,T132_m1,24.35,1.0,59.4,40,0.875,4.52,4,0
T132,T132_m2,20.0,0.742,120.9,37,0.375,3.01,4,0
T132,T132_m3,30.64,0.767,29.4,58,0.75,4.68,4,0
T133,T133_m0,8.55,0.808,109.7,28,0.375,1.93,6,1
T133,T133_m1,25.22,0.8,35.4,62,0.75,4.39,6,0
T133,T133_m2,20.14,0.7,61.1,44,0.625,3.43,6,0
T133,T133_m3,9.48,0.808,141.1,22,0.25,3.13,6,0
T133,T133_m4,17.94,1.0,69.5,52,0.75,3.74,6,0
T133,T133_m5,18.66,0.583,69.9,41,0.875,3.36,6,0
T134,T134_m0,17.55,0.55,110.1,25,0.5,2.72,5,0
T134,T134_m1,19.91,0.733,84.7,40,0.25,2.97,5,0
T134,T134_m2,1.91,0.425,137.4,17,0.25,2.3,5,1
T134,T134_m3,30.88,0.933,1.9,55,1.0,4.88,5,0
T134,T134_m4,29.76,0.867,26.0,56,1.0,4.64,5,0
T135,T135_m0,23.2,0.808,1.8,60,0.875,4.22,4,0
T135,T135_m1,13.38,0.55,243.2,10,0.0,1.76,4,1
T135,T135_m2,25.29,0.608,41.5,53,0.875,3.77,4,0
T135,T135_m3,38.14,1.0,32.5,53,0.875,4.94,4,0
T136,T136_m0,18.66,0.933,75.8,43,0.5,2.96,4,0
T136,T136_m1,24.61,0.933,38.0,57,0.625,3.5,4,0
T136,T136_m2,24.34,0.933,17.4,67,0.75,4.05,4,0
T136,T136_m3,32.39,1.0,26.4,60,1.0,4.56,4,0
T137,T137_m0,5.14,0.542,205.7,8,0.25,1.47,5,1
T137,T137_m1,5.14,0.242,214.4,12,0.375,1.32,5,1
T137,T137_m2,10.37,0.483,140.3,8,0.25,1.71,5,1
T137,T137_m3,74.22,1.0,112.8,35,0.5,3.15,5,0
T137,T137_m4,5.14,0.383,136.4,9,0.125,1.74,5,1
T138,T138_m0,19.44,0.867,62.8,41,1.0,4.61,6,0
T138,T138_m1,16.49,0.933,51.4,60,0.625,3.6,6,0
T138,T138_m2,12.57,0.517,83.9,47,0.5,2.79,6,0
T138,T138_m3,19.72,0.575,100.8,43,0.25,3.37,6,0
T138,T138_m4,8.02,0.667,66.1,56,0.625,3.56,6,0
T138,T138_m5,23.76,0.708,40.9,45,0.875,4.38,6,0
T139,T139_m0,26.7,1.0,6.7,60,1.0,4.73,5,0
T139,T139_m1,18.14,0.8,60.7,50,1.0,3.89,5,0
T139,T139_m2,15.17,0.642,93.5,36,0.75,3.43,5,0
T139,T139_m3,14.52,0.75,59.9,37,0.625,3.42,5,0
T139,T139_m4,25.46,1.0,32.5,39,0.875,4.58,5,0
T140,T140_m0,32.17,0.808,81.9,37,0.875,4.33,5,0
T140,T140_m1,15.24,0.7,121.3,31,0.25,2.92,5,0
T140,T140_m2,1.95,0.542,155.9,11,0.0,1.35,5,1
T140,T140_m3,24.26,0.742,113.6,36,0.5,3.1,5,0
T140,T140_m4,26.38,0.642,1.7,59,0.875,3.79,5,0
T141,T141_m0,13.57,0.808,67.8,43,0.375,3.58,5,0
T141,T141_m1,18.28,0.533,85.8,34,0.625,3.65,5,0
T141,T141_m2,25.18,1.0,8.3,58,1.0,4.87,5,0
T141,T141_m3,19.19,0.867,34.4,52,1.0,4.09,5,0
T141,T141_m4,23.78,0.867,76.0,39,0.75,3.78,5,0
T142,T142_m0,1.98,0.475,98.7,39,0.25,2.43,6,1
T142,T142_m1,26.55,0.933,30.4,65,0.875,4.32,6,0
T142,T142_m2,16.68,0.767,79.9,34,0.875,3.39,6,0
T142,T142_m3,25.01,0.933,34.8,60,0.875,4.23,6,0
T142,T142_m4,16.6,0.867,55.2,51,1.0,3.75,6,0
T142,T142_m5,13.18,0.808,57.8,67,0.625,3.51,6,0
T143,T143_m0,16.25,0.742,140.9,20,0.375,1.96,5,1
T143,T143_m1,20.22,0.542,352.0,6,0.0,1.99,5,1
T143,T143_m2,26.17,0.742,42.0,58,0.75,3.59,5,0
T143,T143_m3,27.95,0.633,42.0,46,0.875,3.67,5,0
T143,T143_m4,9.41,0.575,185.8,19,0.625,1.5,5,1
T144,T144_m0,31.99,0.933,33.3,62,0.75,4.36,4,0
T144,T144_m1,21.15,0.867,81.0,26,0.375,3.32,4,0
T144,T144_m2,27.09,0.867,49.4,46,0.875,4.25,4,0
T144,T144_m3,19.76,0.808,44.9,51,0.375,3.21,4,0
T145,T145_m0,19.3,0.517,54.9,43,0.5,3.8,5,0
T145,T145_m1,18.06,0.7,92.0,27,0.25,3.73,5,0
T145,T145_m2,17.49,0.933,95.4,42,0.375,3.18,5,0
T145,T145_m3,19.67,1.0,64.1,52,0.625,3.47,5,0
T145,T145_m4,25.48,0.6,29.2,58,1.0,4.59,5,0
T146,T146_m0,28.41,0.933,18.6,55,1.0,4.94,5,0
T146,T146_m1,0.92,0.542,114.2,9,0.0,0.97,5,1
T146,T146_m2,26.75,0.742,1.8,72,1.0,4.52,5,0
T146,T146_m3,24.3,1.0,28.5,46,0.75,4.57,5,0
T146,T146_m4,19.62,0.633,71.6,49,0.625,3.42,5,0
T147,T147_m0,21.51,0.633,62.5,37,0.5,3.53,5,0
T147,T147_m1,25.36,0.867,64.9,47,0.75,3.97,5,0
T147,T147_m2,12.24,0.283,135.6,7,0.0,1.84,5,1
T147,T147_m3,24.09,1.0,82.3,59,0.625,3.3,5,0
T147,T147_m4,16.81,0.55,106.8,20,0.5,2.98,5,0
T148,T148_m0,29.68,0.633,68.2,48,0.75,3.51,4,0
T148,T148_m1,27.81,0.833,30.1,60,1.0,3.93,4,0
T148,T148_m2,9.23,0.675,142.4,26,0.125,2.4,4,0
T148,T148_m3,33.27,0.742,7.4,62,0.75,4.47,4,0
T149,T149_m0,22.39,1.0,52.0,55,0.875,3.96,5,0
T149,T149_m1,18.98,0.533,46.5,50,0.625,3.42,5,0
T149,T149_m2,30.64,1.0,39.8,54,0.875,4.85,5,0
T149,T149_m3,10.34,0.6,184.4,14,0.375,1.51,5,1
T149,T149_m4,17.64,0.533,89.4,35,0.625,3.63,5,0
T150,T150_m0,29.33,0.7,37.7,43,0.625,3.62,4,0
T150,T150_m1,26.73,0.933,60.7,50,0.625,3.2,4,0
T150,T150_m2,9.21,0.575,183.8,15,0.0,2.25,4,1
T150,T150_m3,34.73,0.7,91.3,58,0.375,3.42,4,0
T151,T151_m0,23.31,0.933,40.3,44,0.875,4.49,5,0
T151,T151_m1,18.62,0.667,111.3,41,0.5,3.44,5,0
T151,T151_m2,28.99,0.8,47.1,49,0.75,3.57,5,0
T151,T151_m3,10.73,0.633,155.6,10,0.375,2.07,5,1
T151,T151_m4,18.35,0.583,83.7,36,0.5,3.18,5,0
T152,T152_m0,6.4,0.8,188.0,17,0.5,1.78,6,1
T152,T152_m1,21.44,0.7,50.3,50,0.875,3.52,6,0
T152,T152_m2,15.0,0.508,103.1,34,0.625,2.64,6,0
T152,T152_m3,19.47,0.833,89.9,51,0.875,4.27,6,0
T152,T152_m4,17.34,0.867,37.2,55,1.0,3.22,6,0
T152,T152_m5,20.34,0.933,47.5,48,0.5,4.2,6,0
T153,T153_m0,22.4,0.633,146.2,28,0.375,2.49,4,0
T153,T153_m1,12.95,0.575,164.6,25,0.125,1.72,4,1
T153,T153_m2,2.53,0.342,161.6,9,0.0,1.73,4,1
T153,T153_m3,62.11,0.933,50.7,58,0.875,4.2,4,0
T154,T154_m0,6.23,0.567,145.1,15,0.375,1.49,5,1
T154,T154_m1,27.12,0.867,6.0,61,1.0,3.94,5,0
T154,T154_m2,26.05,0.642,72.8,38,0.5,4.02,5,0
T154,T154_m3,28.15,0.933,22.4,54,1.0,4.06,5,0
T154,T154_m4,12.45,0.933,41.4,59,0.875,3.56,5,0
T155,T155_m0,31.56,0.633,62.7,50,0.75,4.07,4,0
T155,T155_m1,35.34,0.767,111.4,41,0.25,3.53,4,0
T155,T155_m2,17.1,0.808,163.1,23,0.25,2.32,4,0
T155,T155_m3,16.0,0.675,108.9,34,0.5,2.25,4,0
T156,T156_m0,25.59,0.933,15.0,61,1.0,4.84,5,0
T156,T156_m1,17.45,0.683,53.3,53,0.75,3.95,5,0
T156,T156_m2,17.01,0.833,50.3,50,0.625,3.77,5,0
T156,T156_m3,23.16,0.742,50.0,59,0.625,4.04,5,0
T156,T156_m4,16.79,0.867,50.5,72,0.75,3.42,5,0
T157,T157_m0,20.51,0.7,49.9,45,0.5,3.89,6,0
T157,T157_m1,4.62,0.283,80.4,13,0.125,1.76,6,1
T157,T157_m2,19.47,0.8,40.1,55,0.625,3.29,6,0
T157,T157_m3,18.59,1.0,49.1,48,0.75,3.37,6,0
T157,T157_m4,22.14,0.7,27.3,38,0.75,3.99,6,0
T157,T157_m5,14.67,0.933,105.7,19,0.375,3.53,6,0
T158,T158_m0,21.27,0.933,74.2,41,0.875,4.52,5,0
T158,T158_m1,19.52,0.933,40.3,53,0.875,4.89,5,0
T158,T158_m2,19.42,1.0,22.9,59,1.0,4.41,5,0
T158,T158_m3,19.43,1.0,54.3,49,0.875,3.53,5,0
T158,T158_m4,20.35,0.867,29.3,66,0.625,4.13,5,0
T159,T159_m0,20.35,0.767,54.2,53,0.875,4.16,5,0
T159,T159_m1,21.26,1.0,34.7,48,1.0,4.57,5,0
T159,T159_m2,25.16,1.0,31.0,54,1.0,4.26,5,0
T159,T159_m3,13.8,0.742,60.3,52,1.0,4.09,5,0
T159,T159_m4,19.44,0.933,22.4,66,1.0,4.04,5,0
T160,T160_m0,14.01,0.517,88.5,38,0.5,2.87,5,0
T160,T160_m1,24.13,0.875,72.4,42,0.75,3.36,5,0
T160,T160_m2,32.35,0.867,50.9,36,0.875,3.98,5,0
T160,T160_m3,14.18,0.4,118.9,34,0.125,1.96,5,1
T160,T160_m4,15.34,0.5,137.9,11,0.375,1.66,5,1
T161,T161_m0,5.04,0.633,149.4,2,0.0,1.45,5,1
T161,T161_m1,1.84,0.483,215.7,6,0.0,1.32,5,1
T161,T161_m2,36.19,0.933,37.2,52,1.0,3.78,5,0
T161,T161_m3,29.0,0.933,54.7,40,0.875,4.18,5,0
T161,T161_m4,27.93,0.833,86.2,36,0.375,3.44,5,0
T162,T162_m0,24.02,0.867,54.5,35,0.625,4.14,5,0
T162,T162_m1,19.88,0.8,65.0,50,0.875,4.01,5,0
T162,T162_m2,17.66,0.808,122.3,39,0.875,3.24,5,0
T162,T162_m3,22.89,1.0,1.9,53,1.0,4.83,5,0
T162,T162_m4,15.55,0.575,83.4,47,0.5,3.38,5,0
T163,T163_m0,16.69,0.5,91.5,31,0.625,3.23,4,0
T163,T163_m1,27.23,0.933,28.0,52,0.75,4.32,4,0
T163,T163_m2,25.39,0.933,30.1,59,1.0,4.17,4,0
T163,T163_m3,30.69,0.933,66.9,39,0.875,4.32,4,0
T164,T164_m0,12.47,0.517,64.1,44,0.625,3.03,6,0
T164,T164_m1,19.21,0.867,11.1,63,1.0,4.26,6,0
T164,T164_m2,7.43,0.408,195.6,15,0.25,2.45,6,1
T164,T164_m3,16.91,1.0,67.6,39,0.75,3.97,6,0
T164,T164_m4,20.43,0.875,54.0,57,0.875,4.21,6,0
T164,T164_m5,23.55,1.0,63.8,48,0.75,4.25,6,0
T165,T165_m0,13.63,0.742,186.5,20,0.125,2.28,4,1
T165,T165_m1,42.62,0.867,2.1,65,1.0,4.64,4,0
T165,T165_m2,5.26,0.575,122.1,20,0.5,2.31,4,1
T165,T165_m3,38.49,0.875,80.1,24,0.75,4.04,4,0
T166,T166_m0,32.44,0.933,20.0,57,1.0,4.71,4,0
T166,T166_m1,18.79,0.675,54.5,60,0.875,3.88,4,0
T166,T166_m2,21.06,0.867,94.9,37,0.625,3.45,4,0
T166,T166_m3,27.71,0.542,30.2,53,0.375,3.8,4,0
T167,T167_m0,30.99,0.742,93.0,33,0.375,3.58,4,0
T167,T167_m1,29.79,0.808,88.3,18,0.375,3.37,4,0
T167,T167_m2,22.4,0.7,142.8,29,0.625,2.22,4,0
T167,T167_m3,16.83,0.742,83.8,21,0.125,2.39,4,1
T168,T168_m0,18.28,0.517,58.7,59,1.0,4.22,6,0
T168,T168_m1,7.9,0.608,170.1,11,0.25,1.98,6,1
T168,T168_m2,20.86,0.742,35.2,54,0.125,3.27,6,0
T168,T168_m3,7.58,0.633,114.5,19,0.25,2.15,6,1
T168,T168_m4,17.0,1.0,96.2,52,0.75,3.74,6,0
T168,T168_m5,28.38,0.767,46.3,54,0.5,4.18,6,0
T169,T169_m0,13.02,0.55,117.6,39,0.5,2.26,5,1
T169,T169_m1,10.84,0.425,135.6,7,0.125,1.58,5,1
T169,T169_m2,15.19,0.675,92.1,31,0.5,2.9,5,0
T169,T169_m3,16.51,0.867,117.7,31,0.125,2.62,5,0
T169,T169_m4,44.46,0.933,54.1,56,0.75,4.21,5,0
T170,T170_m0,15.09,0.933,59.4,53,0.625,3.71,6,0
T170,T170_m1,21.73,1.0,54.2,53,1.0,4.56,6,0
T170,T170_m2,13.4,1.0,13.4,52,1.0,4.25,6,0
T170,T170_m3,10.49,0.675,144.2,30,0.375,2.52,6,1
T170,T170_m4,24.59,0.933,38.3,59,0.875,4.51,6,0
T170,T170_m5,14.7,1.0,45.0,44,0.625,4.06,6,0
T171,T171_m0,18.45,0.808,40.6,59,0.75,3.58,6,0
T171,T171_m1,21.63,0.475,83.8,50,0.625,3.15,6,0
T171,T171_m2,2.61,0.492,132.3,4,0.125,1.16,6,1
T171,T171_m3,35.06,0.933,24.9,40,0.875,5.11,6,0
T171,T171_m4,3.78,0.508,147.6,14,0.625,1.78,6,1
T171,T171_m5,18.46,0.8,58.0,41,0.75,3.7,6,0
T172,T172_m0,14.54,0.767,36.4,58,0.875,4.05,6,0
T172,T172_m1,18.69,0.683,75.9,50,0.625,3.59,6,0
T172,T172_m2,13.7,0.683,36.9,61,0.875,4.15,6,0
T172,T172_m3,15.77,1.0,65.1,50,0.875,3.66,6,0
T172,T172_m4,19.93,0.933,36.5,52,0.875,4.41,6,0
T172,T172_m5,17.37,0.733,64.4,40,0.375,3.46,6,0
T173,T173_m0,23.9,0.933,4.9,74,1.0,5.12,6,0
T173,T173_m1,3.82,0.142,163.3,8,0.125,1.27,6,1
T173,T173_m2,14.9,0.8,72.4,53,0.5,3.5,6,0
T173,T173_m3,17.01,0.933,20.1,54,1.0,4.19,6,0
T173,T173_m4,20.13,0.808,61.1,51,0.875,4.22,6,0
T173,T173_m5,20.25,0.6,34.5,58,0.875,4.34,6,0
T174,T174_m0,1.38,0.442,229.3,8,0.0,1.41,6,1
T174,T174_m1,26.86,1.0,36.3,47,1.0,4.49,6,0
T174,T174_m2,23.79,0.933,24.4,66,0.875,4.82,6,0
T174,T174_m3,18.62,0.767,98.7,34,0.5,3.73,6,0
T174,T174_m4,14.16,0.642,81.6,35,0.75,3.25,6,0
T174,T174_m5,15.17,1.0,86.8,27,0.5,3.25,6,0
T175,T175_m0,29.82,0.867,38.7,52,0.75,3.82,4,0
T175,T175_m1,33.39,0.8,63.5,49,0.75,4.02,4,0
T175,T175_m2,28.72,1.0,2.2,57,0.875,4.38,4,0
T175,T175_m3,8.06,0.642,117.5,22,0.25,2.09,4,1
T176,T176_m0,7.84,0.742,170.7,15,0.25,1.63,6,1
T176,T176_m1,11.56,0.742,126.5,27,0.5,2.27,6,0
T176,T176_m2,23.95,1.0,73.5,41,0.875,3.73,6,0
T176,T176_m3,19.59,0.7,73.2,50,0.5,3.98,6,0
T176,T176_m4,21.5,0.933,35.2,54,0.625,3.88,6,0
T176,T176_m5,15.56,0.808,152.3,25,0.375,2.79,6,0
T177,T177_m0,29.95,0.875,37.6,64,0.875,4.38,5,0
T177,T177_m1,32.87,0.933,2.0,70,1.0,5.17,5,0
T177,T177_m2,9.96,0.367,102.0,27,0.25,2.7,5,1
T177,T177_m3,26.32,0.933,38.6,46,0.875,4.76,5,0
T177,T177_m4,0.9,0.383,160.3,2,0.0,1.14,5,1
T178,T178_m0,8.13,0.633,156.7,10,0.5,1.65,4,1
T178,T178_m1,22.45,0.733,108.1,31,0.5,2.36,4,0
T178,T178_m2,30.2,0.642,156.1,24,0.375,2.83,4,0
T178,T178_m3,39.22,0.5,80.2,34,0.625,3.27,4,0
T179,T179_m0,34.36,0.608,45.9,52,0.875,3.5,5,0
T179,T179_m1,11.61,0.733,315.9,2,0.125,1.63,5,1
T179,T179_m2,7.39,0.367,178.9,9,0.0,0.98,5,1
T179,T179_m3,20.0,0.7,95.3,26,0.5,3.14,5,0
T179,T179_m4,26.64,0.25,111.7,32,0.25,3.05,5,0
T180,T180_m0,17.15,0.733,112.0,29,0.25,2.8,6,0
T180,T180_m1,14.84,0.808,41.8,57,0.875,3.8,6,0
T180,T180_m2,17.37,0.933,39.1,57,0.875,4.03,6,0
T180,T180_m3,15.59,0.517,100.9,39,0.375,3.13,6,0
T180,T180_m4,18.13,0.508,66.2,55,0.5,3.96,6,0
T180,T180_m5,16.92,0.933,110.6,33,0.25,3.56,6,0
T181,T181_m0,22.28,0.642,81.2,42,0.75,3.94,6,0
T181,T181_m1,2.28,0.375,180.9,14,0.25,1.47,6,1
T181,T181_m2,12.59,0.567,129.0,23,0.5,2.2,6,1
T181,T181_m3,26.68,0.642,82.6,47,0.25,3.23,6,0
T181,T181_m4,17.44,0.608,149.5,19,0.0,1.97,6,1
T181,T181_m5,18.72,0.7,45.2,56,0.875,3.62,6,0
T182,T182_m0,4.93,0.383,171.7,17,0.125,1.7,5,1
T182,T182_m1,36.32,1.0,53.7,40,0.875,4.58,5,0
T182,T182_m2,28.03,0.575,58.4,49,0.5,4.11,5,0
T182,T182_m3,20.38,0.7,82.5,40,0.25,2.81,5,0
T182,T182_m4,10.35,0.575,160.0,13,0.25,1.95,5,1
T183,T183_m0,18.42,0.833,67.6,47,0.75,3.69,6,0
T183,T183_m1,18.25,0.575,53.5,61,0.5,3.77,6,0
T183,T183_m2,22.69,0.933,10.4,60,1.0,4.59,6,0
T183,T183_m3,16.14,0.767,59.3,55,0.625,3.56,6,0
T183,T183_m4,8.56,0.642,96.5,36,0.5,2.36,6,1
T183,T183_m5,15.94,1.0,46.9,62,0.75,3.79,6,0
T184,T184_m0,12.27,0.508,136.2,23,0.5,2.37,4,1
T184,T184_m1,28.3,0.8,87.3,34,0.25,2.78,4,0
T184,T184_m2,24.31,0.7,79.9,33,0.625,2.68,4,0
T184,T184_m3,35.12,0.933,2.0,55,0.875,4.47,4,0
T185,T185_m0,19.79,1.0,19.6,54,0.875,4.5,5,0
T185,T185_m1,15.45,0.867,62.8,47,0.75,3.32,5,0
T185,T185_m2,23.97,0.933,36.3,47,0.875,4.03,5,0
T185,T185_m3,23.56,1.0,39.9,46,0.875,4.24,5,0
T185,T185_m4,17.22,0.8,54.0,51,0.875,3.36,5,0
T186,T186_m0,27.29,0.675,59.7,45,0.75,4.09,5,0
T186,T186_m1,16.79,0.767,56.4,46,0.75,3.68,5,0
T186,T186_m2,20.95,0.875,36.3,68,0.625,3.81,5,0
T186,T186_m3,12.35,0.642,57.1,51,0.875,4.05,5,0
T186,T186_m4,22.62,0.933,42.8,50,0.875,4.0,5,0
T187,T187_m0,16.06,0.55,102.7,48,0.5,2.94,6,0
T187,T187_m1,9.33,0.225,125.8,39,0.625,2.07,6,1
T187,T187_m2,14.04,0.8,95.7,41,0.625,3.13,6,0
T187,T187_m3,23.57,1.0,39.1,60,0.75,4.37,6,0
T187,T187_m4,19.69,0.8,66.3,57,0.625,3.94,6,0
T187,T187_m5,17.32,0.875,70.7,41,0.75,3.56,6,0
T188,T188_m0,7.4,0.575,143.2,13,0.125,2.45,6,1
T188,T188_m1,18.64,0.933,26.5,52,0.875,4.25,6,0
T188,T188_m2,4.41,0.183,182.6,11,0.0,1.57,6,1
T188,T188_m3,21.97,0.875,41.5,52,0.625,4.2,6,0
T188,T188_m4,22.49,1.0,81.3,48,0.75,4.03,6,0
T188,T188_m5,25.09,0.933,56.0,56,1.0,4.07,6,0
T189,T189_m0,28.66,0.55,174.1,21,0.125,2.03,4,1
T189,T189_m1,21.27,0.492,114.7,20,0.125,2.08,4,0
T189,T189_m2,20.75,0.325,129.9,19,0.0,1.72,4,1
T189,T189_m3,29.32,1.0,52.9,54,0.875,3.61,4,0
T190,T190_m0,29.1,0.4,92.4,31,0.5,2.61,6,0
T190,T190_m1,1.38,0.608,99.1,15,0.25,2.71,6,1
T190,T190_m2,1.38,0.333,179.4,12,0.0,1.07,6,1
T190,T190_m3,23.54,0.575,82.9,43,0.5,3.2,6,0
T190,T190_m4,20.42,0.675,75.4,37,0.875,3.07,6,0
T190,T190_m5,24.17,0.7,56.1,56,0.75,3.58,6,0
T191,T191_m0,28.76,0.642,62.6,48,0.5,3.83,4,0
T191,T191_m1,29.18,0.933,59.0,47,0.5,4.26,4,0
T191,T191_m2,26.58,0.508,39.2,50,0.375,3.47,4,0
T191,T191_m3,15.47,0.933,42.8,54,0.5,3.79,4,0
T192,T192_m0,24.59,0.767,31.0,64,0.625,4.3,5,0
T192,T192_m1,21.31,0.767,69.2,42,0.75,3.88,5,0
T192,T192_m2,16.61,0.933,121.6,27,0.75,3.01,5,0
T192,T192_m3,19.89,0.8,78.0,44,0.375,4.1,5,0
T192,T192_m4,17.6,0.933,54.8,47,0.75,3.58,5,0
T193,T193_m0,24.56,0.742,31.4,51,0.875,4.12,5,0
T193,T193_m1,22.99,0.742,27.0,61,0.875,4.01,5,0
T193,T193_m2,15.4,0.767,118.1,26,0.75,3.44,5,0
T193,T193_m3,23.51,1.0,66.2,40,0.375,3.63,5,0
T193,T193_m4,13.53,0.608,147.2,18,0.375,2.49,5,0
T194,T194_m0,26.54,0.7,50.4,61,0.75,3.59,5,0
T194,T194_m1,16.83,0.742,134.8,30,0.5,2.81,5,0
T194,T194_m2,19.84,0.808,132.8,35,0.25,2.94,5,0
T194,T194_m3,14.08,0.6,104.5,52,0.25,2.77,5,0
T194,T194_m4,22.72,0.617,81.5,40,0.5,3.8,5,0
T195,T195_m0,26.04,0.675,76.9,34,0.375,3.39,4,0
T195,T195_m1,32.9,0.7,87.9,32,0.75,3.21,4,0
T195,T195_m2,7.89,0.742,117.2,31,0.375,1.75,4,1
T195,T195_m3,33.17,0.575,23.8,74,0.625,3.65,4,0
T196,T196_m0,31.08,1.0,16.0,64,1.0,4.79,4,0
T196,T196_m1,21.98,0.633,53.1,48,0.875,3.05,4,0
T196,T196_m2,18.82,0.867,95.6,40,0.625,3.44,4,0
T196,T196_m3,28.12,1.0,19.1,58,1.0,4.87,4,0
T197,T197_m0,37.36,0.808,1.8,69,1.0,4.56,4,0
T197,T197_m1,25.46,0.8,87.5,38,0.625,3.2,4,0
T197,T197_m2,15.27,0.7,113.1,39,0.375,2.28,4,0
T197,T197_m3,21.92,0.642,103.6,24,0.875,2.93,4,0
T198,T198_m0,22.57,0.867,11.5,59,0.75,3.95,6,0
T198,T198_m1,18.73,0.617,90.3,37,0.375,3.43,6,0
T198,T198_m2,17.59,0.933,34.9,68,0.875,4.28,6,0
T198,T198_m3,10.21,0.733,139.7,27,0.5,2.58,6,0
T198,T198_m4,16.65,0.867,91.4,35,0.875,3.52,6,0
T198,T198_m5,14.25,0.742,49.6,54,0.875,4.04,6,0
T199,T199_m0,26.33,1.0,31.2,56,0.5,4.08,4,0
T199,T199_m1,23.79,0.933,28.8,60,1.0,4.12,4,0
T199,T199_m2,26.65,0.8,81.0,46,1.0,3.9,4,0
T199,T199_m3,23.23,0.683,83.4,45,0.5,3.53,4,0
T200,T200_m0,16.05,0.733,79.6,47,0.5,3.21,5,0
T200,T200_m1,6.03,0.508,125.5,20,0.0,1.92,5,1
T200,T200_m2,21.34,0.767,94.8,41,0.75,3.76,5,0
T200,T200_m3,29.42,0.933,32.9,59,0.75,4.58,5,0
T200,T200_m4,27.15,0.8,2.3,61,1.0,4.38,5,0
T201,T201_m0,39.97,1.0,34.6,52,1.0,4.36,4,0
T201,T201_m1,10.65,0.383,197.6,12,0.0,1.07,4,1
T201,T201_m2,24.45,0.933,75.9,41,0.625,3.46,4,0
T201,T201_m3,24.93,0.8,101.8,35,0.625,2.91,4,0
T202,T202_m0,18.53,0.933,74.9,48,0.5,3.74,6,0
T202,T202_m1,20.73,1.0,14.3,52,1.0,3.88,6,0
T202,T202_m2,23.08,0.875,53.8,53,0.75,4.53,6,0
T202,T202_m3,3.98,0.442,195.6,6,0.0,0.87,6,1
T202,T202_m4,17.48,0.833,30.4,63,1.0,4.16,6,0
T202,T202_m5,16.2,0.833,62.6,53,0.625,3.72,6,0
T203,T203_m0,16.89,0.55,67.4,47,0.625,3.55,6,0
T203,T203_m1,13.61,0.8,107.3,40,0.75,3.0,6,0
T203,T203_m2,4.84,0.442,134.5,8,0.375,1.57,6,1
T203,T203_m3,24.6,1.0,9.7,61,1.0,4.71,6,0
T203,T203_m4,17.65,0.867,75.5,49,0.875,3.65,6,0
T203,T203_m5,22.42,1.0,52.2,56,0.875,4.62,6,0
T204,T204_m0,23.21,1.0,53.5,60,0.25,3.75,6,0
T204,T204_m1,19.58,0.742,45.9,60,0.75,3.89,6,0
T204,T204_m2,16.87,0.867,70.8,39,0.5,4.0,6,0
T204,T204_m3,14.75,0.767,83.6,39,0.75,3.52,6,0
T204,T204_m4,19.69,0.933,16.4,59,0.625,4.44,6,0
T204,T204_m5,5.9,0.633,96.7,43,0.5,2.27,6,1
T205,T205_m0,24.99,0.833,91.1,51,0.625,3.28,5,0
T205,T205_m1,16.76,0.875,99.5,23,0.25,2.72,5,0
T205,T205_m2,18.93,0.675,39.0,69,0.625,3.77,5,0
T205,T205_m3,24.69,0.933,90.8,43,0.75,3.6,5,0
T205,T205_m4,14.62,0.808,78.6,45,0.75,3.49,5,0
T206,T206_m0,34.84,0.933,34.0,53,0.875,4.68,5,0
T206,T206_m1,26.55,0.933,30.8,41,0.625,4.31,5,0
T206,T206_m2,2.25,0.442,315.0,8,0.0,1.73,5,1
T206,T206_m3,29.07,0.767,64.6,53,0.5,3.59,5,0
T206,T206_m4,7.29,0.542,236.7,13,0.0,1.65,5,1
T207,T207_m0,2.78,0.467,174.7,4,0.125,1.57,6,1
T207,T207_m1,17.85,0.742,86.0,34,0.5,2.96,6,0
T207,T207_m2,11.49,0.7,108.7,23,0.375,2.97,6,0
T207,T207_m3,21.05,0.533,45.9,45,1.0,3.87,6,0
T207,T207_m4,28.27,0.808,62.5,58,0.625,3.76,6,0
T207,T207_m5,18.56,0.767,71.4,56,0.875,3.15,6,0
T208,T208_m0,8.22,0.8,132.1,22,0.25,1.77,4,1
T208,T208_m1,43.21,1.0,71.2,54,0.625,3.5,4,0
T208,T208_m2,26.92,0.7,72.9,41,0.375,3.89,4,0
T208,T208_m3,21.64,0.808,93.7,30,0.5,3.6,4,0
T209,T209_m0,11.87,0.4,172.0,8,0.125,2.18,4,1
T209,T209_m1,8.63,0.567,180.0,14,0.0,1.44,4,1
T209,T209_m2,38.35,0.742,25.0,59,0.75,3.97,4,0
T209,T209_m3,41.14,0.833,62.8,53,0.75,4.2,4,0
T210,T210_m0,28.24,1.0,37.9,42,0.875,4.88,4,0
T210,T210_m1,33.46,0.875,54.1,53,1.0,3.87,4,0
T210,T210_m2,16.39,0.933,128.6,27,0.625,2.46,4,0
T210,T210_m3,21.91,0.675,83.3,39,0.375,2.9,4,0
T211,T211_m0,23.58,1.0,30.3,62,0.875,4.42,5,0
T211,T211_m1,9.28,0.4,202.2,17,0.0,1.34,5,1
T211,T211_m2,24.76,0.7,76.9,47,0.75,3.5,5,0
T211,T211_m3,18.97,0.933,122.0,40,0.5,3.27,5,0
T211,T211_m4,23.41,0.933,71.2,28,0.75,3.84,5,0
T212,T212_m0,26.14,0.633,25.7,48,0.75,5.01,6,0
T212,T212_m1,13.12,0.667,88.1,36,0.25,3.15,6,0
T212,T212_m2,6.91,0.633,173.5,14,0.25,2.02,6,1
T212,T212_m3,15.94,0.875,64.0,37,0.625,3.79,6,0
T212,T212_m4,17.75,0.875,116.2,33,0.375,3.97,6,0
T212,T212_m5,20.14,0.733,22.3,63,0.75,4.61,6,0
T213,T213_m0,21.22,0.808,2.0,63,0.75,4.85,6,0
T213,T213_m1,22.47,1.0,30.1,59,0.875,4.29,6,0
T213,T213_m2,18.92,0.608,41.7,60,0.75,3.38,6,0
T213,T213_m3,17.78,1.0,35.5,48,0.75,4.33,6,0
T213,T213_m4,8.03,0.567,117.4,34,0.125,2.54,6,1
T213,T213_m5,11.59,0.55,82.7,46,0.375,2.46,6,0
T214,T214_m0,32.74,0.633,125.0,25,0.5,2.92,5,0
T214,T214_m1,12.39,0.4,165.5,25,0.125,2.01,5,1
T214,T214_m2,28.14,0.808,58.5,51,0.5,3.98,5,0
T214,T214_m3,14.98,0.667,94.0,33,0.125,1.94,5,1
T214,T214_m4,11.75,0.4,158.2,7,0.375,1.95,5,1
T215,T215_m0,22.65,0.833,111.5,31,0.625,3.15,4,0
T215,T215_m1,23.79,0.742,83.9,37,0.625,3.64,4,0
T215,T215_m2,20.86,0.517,125.1,28,0.625,2.78,4,0
T215,T215_m3,32.7,0.683,93.5,43,0.625,3.36,4,0
T216,T216_m0,27.35,0.933,47.2,72,0.875,4.53,4,0
T216,T216_m1,21.01,0.733,82.4,26,0.5,2.95,4,0
T216,T216_m2,26.67,1.0,11.3,67,1.0,4.98,4,0
T216,T216_m3,24.97,0.867,52.9,48,0.875,4.18,4,0
T217,T217_m0,18.83,1.0,83.5,43,0.5,3.85,6,0
T217,T217_m1,19.39,0.808,57.9,59,0.625,3.47,6,0
T217,T217_m2,10.38,0.642,81.8,43,0.25,3.2,6,0
T217,T217_m3,24.59,1.0,2.0,69,1.0,4.75,6,0
T217,T217_m4,5.21,0.675,88.3,46,0.375,2.88,6,0
T217,T217_m5,21.61,0.933,1.5,68,1.0,4.83,6,0
T218,T218_m0,24.05,0.683,61.0,43,0.75,3.52,4,0
T218,T218_m1,37.7,0.933,2.3,64,1.0,4.68,4,0
T218,T218_m2,8.09,0.642,317.0,4,0.25,1.3,4,1
T218,T218_m3,30.15,0.808,67.0,42,0.625,4.41,4,0
T219,T219_m0,26.44,0.633,87.9,38,0.375,3.47,4,0
T219,T219_m1,30.67,0.867,77.7,41,0.5,3.56,4,0
T219,T219_m2,9.71,0.55,161.0,23,0.125,2.16,4,1
T219,T219_m3,33.17,0.583,49.1,55,1.0,4.43,4,0
T220,T220_m0,29.7,0.933,58.7,41,0.75,4.19,5,0
T220,T220_m1,20.5,0.867,44.7,51,0.625,4.09,5,0
T220,T220_m2,10.85,0.567,153.1,11,0.25,2.36,5,1
T220,T220_m3,15.55,0.508,103.4,28,0.5,3.34,5,0
T220,T220_m4,23.4,0.7,40.7,51,1.0,3.92,5,0
T221,T221_m0,15.44,0.933,67.1,32,0.625,2.96,6,0
T221,T221_m1,10.3,0.508,169.4,17,0.5,2.93,6,0
T221,T221_m2,16.68,0.867,36.8,51,0.75,4.49,6,0
T221,T221_m3,18.6,0.808,117.2,28,0.375,3.42,6,0
T221,T221_m4,19.96,0.733,36.5,61,0.625,4.73,6,0
T221,T221_m5,19.04,1.0,25.1,38,0.875,4.73,6,0
T222,T222_m0,26.53,0.742,74.7,44,0.625,3.6,4,0
T222,T222_m1,24.95,0.867,46.7,58,0.375,3.12,4,0
T222,T222_m2,18.38,0.667,93.6,37,0.375,3.38,4,0
T222,T222_m3,30.14,0.508,18.9,48,0.75,4.55,4,0
T223,T223_m0,26.52,0.933,1.8,68,1.0,4.64,5,0
T223,T223_m1,17.1,0.8,63.4,58,0.375,3.52,5,0
T223,T223_m2,19.7,0.933,41.0,41,0.5,3.76,5,0
T223,T223_m3,8.23,0.8,80.6,43,0.25,2.8,5,0
T223,T223_m4,28.46,0.833,45.2,47,1.0,4.94,5,0
T224,T224_m0,24.97,0.933,29.6,61,1.0,4.34,4,0
T224,T224_m1,24.44,0.867,82.3,35,0.625,3.99,4,0
T224,T224_m2,25.62,0.933,37.2,58,0.75,4.38,4,0
T224,T224_m3,24.97,0.933,80.6,49,0.75,4.23,4,0
T225,T225_m0,22.5,1.0,13.5,51,0.875,4.59,6,0
T225,T225_m1,15.37,0.6,67.0,55,0.875,4.01,6,0
T225,T225_m2,13.3,0.492,57.7,46,0.625,2.87,6,0
T225,T225_m3,12.23,0.933,80.3,48,0.625,3.48,6,0
T225,T225_m4,16.64,0.933,83.2,45,0.875,3.96,6,0
T225,T225_m5,19.96,0.875,22.4,48,0.625,4.44,6,0
T226,T226_m0,31.04,0.733,58.1,54,0.5,3.85,4,0
T226,T226_m1,8.53,0.8,142.0,21,0.5,2.6,4,1
T226,T226_m2,36.4,0.933,16.0,43,0.5,4.19,4,0
T226,T226_m3,24.04,0.8,49.2,44,1.0,4.23,4,0
T227,T227_m0,33.49,0.575,56.9,38,0.625,3.63,4,0
T227,T227_m1,12.21,0.558,106.2,46,0.5,2.45,4,0
T227,T227_m2,21.16,0.675,78.9,47,0.375,3.48,4,0
T227,T227_m3,33.14,0.867,79.3,44,0.875,3.93,4,0
T228,T228_m0,13.61,0.642,54.6,47,0.5,4.19,6,0
T228,T228_m1,16.4,1.0,8.7,81,0.875,4.75,6,0
T228,T228_m2,22.27,0.933,39.6,53,0.75,4.36,6,0
T228,T228_m3,18.66,0.933,42.8,55,0.875,4.38,6,0
T228,T228_m4,13.76,0.867,36.8,62,0.875,4.0,6,0
T228,T228_m5,15.3,0.675,37.6,46,0.5,3.37,6,0
T229,T229_m0,23.38,0.642,20.2,62,1.0,4.3,5,0
T229,T229_m1,21.45,0.575,22.0,50,0.875,3.57,5,0
T229,T229_m2,22.75,0.875,41.7,45,0.75,4.46,5,0
T229,T229_m3,18.84,0.675,80.7,42,0.75,2.84,5,0
T229,T229_m4,13.58,0.642,106.5,40,0.625,2.97,5,0
T230,T230_m0,14.28,0.75,148.2,18,0.125,2.26,4,1
T230,T230_m1,26.62,0.808,20.5,73,1.0,4.22,4,0
T230,T230_m2,34.64,0.867,1.8,70,0.875,4.76,4,0
T230,T230_m3,24.46,0.742,83.5,40,0.75,3.43,4,0
T231,T231_m0,10.32,0.733,102.5,42,0.75,3.02,5,0
T231,T231_m1,19.53,0.933,3.9,64,0.875,4.18,5,0
T231,T231_m2,24.42,0.933,2.2,48,1.0,4.86,5,0
T231,T231_m3,22.78,1.0,25.9,49,1.0,4.41,5,0
T231,T231_m4,22.96,0.933,32.3,52,0.875,4.17,5,0
T232,T232_m0,19.77,0.933,59.7,51,0.75,4.23,5,0
T232,T232_m1,17.26,0.767,85.6,40,0.875,3.85,5,0
T232,T232_m2,14.56,0.675,30.2,54,1.0,3.63,5,0
T232,T232_m3,23.77,0.867,31.7,58,0.625,4.31,5,0
T232,T232_m4,24.64,0.742,66.7,47,0.5,4.2,5,0
T233,T233_m0,22.14,0.475,101.0,24,0.5,2.66,4,0
T233,T233_m1,37.46,0.933,44.9,60,1.0,4.35,4,0
T233,T233_m2,16.13,0.867,70.0,55,0.625,3.76,4,0
T233,T233_m3,24.27,0.933,65.8,46,0.625,3.69,4,0
T234,T234_m0,38.94,0.8,56.1,45,0.875,4.15,4,0
T234,T234_m1,10.5,0.6,273.1,3,0.0,0.95,4,1
T234,T234_m2,13.75,0.933,83.3,40,0.875,3.18,4,0
T234,T234_m3,36.81,0.675,52.8,36,0.75,3.31,4,0
T235,T235_m0,40.08,0.933,45.6,48,0.625,3.79,4,0
T235,T235_m1,1.17,0.483,175.1,13,0.0,1.3,4,1
T235,T235_m2,26.84,0.867,96.3,31,0.875,3.6,4,0
T235,T235_m3,31.91,0.7,53.6,50,0.875,3.68,4,0
T236,T236_m0,18.1,0.733,63.6,44,0.75,3.83,5,0
T236,T236_m1,21.26,0.867,55.1,40,0.625,4.17,5,0
T236,T236_m2,17.75,0.733,98.0,41,0.75,3.34,5,0
T236,T236_m3,21.8,0.808,68.5,42,0.625,3.91,5,0
T236,T236_m4,21.09,1.0,1.6,47,0.875,4.81,5,0
T237,T237_m0,2.86,0.675,145.0,10,0.25,1.64,6,1
T237,T237_m1,29.18,0.742,65.7,55,0.625,4.25,6,0
T237,T237_m2,29.13,0.642,70.0,59,0.625,4.33,6,0
T237,T237_m3,31.03,0.742,48.3,56,0.625,4.15,6,0
T237,T237_m4,2.31,0.383,203.7,5,0.0,1.06,6,1
T237,T237_m5,5.48,0.483,146.9,2,0.0,1.47,6,1
T238,T238_m0,19.85,0.633,41.6,51,0.5,4.14,6,0
T238,T238_m1,10.51,0.45,143.1,20,0.25,2.18,6,1
T238,T238_m2,12.84,0.517,106.8,32,0.625,2.85,6,0
T238,T238_m3,25.07,0.933,50.2,44,0.875,4.2,6,0
T238,T238_m4,12.98,0.733,55.9,47,0.375,4.05,6,0
T238,T238_m5,18.76,0.767,60.3,55,1.0,4.08,6,0
T239,T239_m0,17.69,0.808,75.0,45,0.75,3.91,5,0
T239,T239_m1,25.17,0.867,47.0,48,0.75,4.22,5,0
T239,T239_m2,18.98,0.617,83.6,46,0.375,3.37,5,0
T239,T239_m3,21.9,0.933,95.3,52,0.5,3.92,5,0
T239,T239_m4,16.26,0.767,55.5,64,0.875,3.41,5,0
T240,T240_m0,12.2,0.55,181.0,18,0.125,2.1,4,1
T240,T240_m1,21.12,0.933,89.9,34,0.5,3.23,4,0
T240,T240_m2,40.23,1.0,1.9,65,1.0,4.87,4,0
T240,T240_m3,26.45,0.933,41.6,52,0.75,4.1,4,0
T241,T241_m0,22.04,0.933,45.1,58,0.875,4.25,6,0
T241,T241_m1,12.32,0.867,99.9,25,0.875,3.0,6,0
T241,T241_m2,13.19,0.733,96.5,41,0.625,3.09,6,0
T241,T241_m3,26.69,0.933,45.3,48,0.625,4.63,6,0
T241,T241_m4,21.91,0.767,112.9,36,0.625,4.07,6,0
T241,T241_m5,3.85,0.633,185.4,20,0.375,1.75,6,1
T242,T242_m0,20.38,0.833,53.8,46,0.625,3.8,5,0
T242,T242_m1,17.51,0.8,35.2,47,0.5,3.58,5,0
T242,T242_m2,16.9,0.808,80.6,46,0.625,3.2,5,0
T242,T242_m3,25.39,0.867,39.1,53,0.875,4.82,5,0
T242,T242_m4,19.81,0.933,25.7,68,0.875,4.08,5,0
T243,T243_m0,8.32,0.383,160.6,8,0.0,1.56,4,1
T243,T243_m1,18.79,0.425,136.0,21,0.125,2.52,4,1
T243,T243_m2,30.81,0.808,95.8,53,0.75,3.62,4,0
T243,T243_m3,42.08,0.683,49.6,47,0.75,4.26,4,0
T244,T244_m0,32.61,0.575,74.5,31,0.375,3.33,4,0
T244,T244_m1,23.23,0.933,55.9,56,0.625,3.47,4,0
T244,T244_m2,16.36,0.408,205.0,6,0.0,1.59,4,1
T244,T244_m3,27.8,0.742,57.9,45,0.5,3.73,4,0
T245,T245_m0,21.69,0.575,59.7,43,0.5,3.92,4,0
T245,T245_m1,21.85,0.767,64.2,41,0.25,3.45,4,0
T245,T245_m2,26.19,0.933,35.7,47,0.875,4.52,4,0
T245,T245_m3,30.27,0.867,82.5,43,0.875,4.12,4,0
T246,T246_m0,29.69,1.0,41.5,56,0.75,4.1,4,0
T246,T246_m1,30.78,0.867,39.8,64,0.625,4.6,4,0
T246,T246_m2,18.65,0.875,51.9,65,0.75,3.37,4,0
T246,T246_m3,20.88,0.742,100.7,42,0.75,2.98,4,0
T247,T247_m0,34.57,1.0,14.9,46,0.75,4.41,4,0
T247,T247_m1,31.72,1.0,5.0,71,1.0,4.61,4,0
T247,T247_m2,14.54,0.633,168.4,14,0.5,3.12,4,0
T247,T247_m3,19.17,0.808,27.5,50,0.875,3.79,4,0
T248,T248_m0,17.43,0.708,137.1,32,0.5,3.27,5,0
T248,T248_m1,20.35,0.8,78.5,54,0.75,3.56,5,0
T248,T248_m2,17.17,0.867,118.4,30,0.625,3.7,5,0
T248,T248_m3,19.16,0.742,88.2,40,0.625,3.77,5,0
T248,T248_m4,25.88,0.767,53.2,50,0.75,4.38,5,0
T249,T249_m0,24.38,0.742,53.5,53,0.5,3.95,5,0
T249,T249_m1,19.47,0.8,73.7,37,0.625,4.12,5,0
T249,T249_m2,13.62,0.642,94.0,38,0.375,3.27,5,0
T249,T249_m3,18.31,0.8,110.4,50,0.875,3.6,5,0
T249,T249_m4,24.22,0.933,11.1,59,0.875,4.54,5,0
T250,T250_m0,39.87,0.767,15.4,59,0.75,4.29,4,0
T250,T250_m1,6.57,0.675,227.6,10,0.0,1.75,4,1
T250,T250_m2,25.65,0.642,76.1,40,0.375,2.96,4,0
T250,T250_m3,27.9,0.808,106.0,37,0.75,3.37,4,0
T251,T251_m0,11.81,0.542,163.7,13,0.25,2.96,6,0
T251,T251_m1,29.43,0.742,28.0,52,0.75,4.19,6,0
T251,T251_m2,7.5,0.5,229.1,4,0.0,1.25,6,1
T251,T251_m3,14.85,0.875,131.2,29,0.625,2.75,6,0
T251,T251_m4,11.88,0.425,125.2,20,0.5,2.38,6,1
T251,T251_m5,24.53,0.933,4.1,74,1.0,4.95,6,0
T252,T252_m0,15.3,0.508,110.4,20,0.125,1.71,4,1
T252,T252_m1,33.18,0.933,78.8,49,0.625,3.79,4,0
T252,T252_m2,15.91,0.75,153.4,13,0.75,3.13,4,0
T252,T252_m3,35.61,0.867,23.5,70,0.875,4.24,4,0
T253,T253_m0,24.54,0.742,81.0,44,0.75,3.71,4,0
T253,T253_m1,28.71,0.708,45.7,58,0.5,4.21,4,0
T253,T253_m2,15.34,0.808,100.7,43,0.75,3.24,4,0
T253,T253_m3,31.41,0.742,2.3,63,0.75,4.17,4,0
T254,T254_m0,29.56,0.767,18.8,61,0.875,4.44,5,0
T254,T254_m1,30.7,0.867,5.8,61,1.0,4.7,5,0
T254,T254_m2,19.27,0.808,56.4,61,0.375,3.25,5,0
T254,T254_m3,11.47,0.8,118.8,33,0.375,2.18,5,1
T254,T254_m4,8.99,0.633,196.3,19,0.125,2.59,5,1
T255,T255_m0,24.12,0.767,1.9,58,0.875,4.88,6,0
T255,T255_m1,18.52,1.0,86.1,42,0.875,3.35,6,0
T255,T255_m2,14.43,0.7,94.5,36,0.625,3.66,6,0
T255,T255_m3,16.06,0.667,57.9,60,0.75,3.87,6,0
T255,T255_m4,22.64,0.875,19.0,39,1.0,4.52,6,0
T255,T255_m5,4.23,0.508,182.4,5,0.0,1.24,6,1
T256,T256_m0,21.2,0.558,126.8,38,0.875,3.33,5,0
T256,T256_m1,25.76,0.575,128.9,36,0.375,2.99,5,0
T256,T256_m2,9.55,0.708,61.1,63,0.625,3.26,5,0
T256,T256_m3,23.44,0.7,86.1,40,0.375,3.29,5,0
T256,T256_m4,20.05,0.408,93.9,33,0.125,3.27,5,0
T257,T257_m0,15.72,0.742,116.1,29,0.75,3.11,5,0
T257,T257_m1,24.54,0.933,55.6,37,0.875,4.04,5,0
T257,T257_m2,27.08,0.867,54.3,55,0.875,3.69,5,0
T257,T257_m3,16.96,0.575,58.8,46,0.375,3.29,5,0
T257,T257_m4,15.71,0.867,94.3,41,0.375,3.14,5,0
T258,T258_m0,31.35,0.867,44.2,46,0.875,4.12,5,0
T258,T258_m1,1.14,0.5,174.3,23,0.0,1.24,5,1
T258,T258_m2,30.88,0.933,42.7,51,0.375,4.37,5,0
T258,T258_m3,4.85,0.442,202.7,8,0.125,1.79,5,1
T258,T258_m4,31.78,1.0,23.7,44,0.75,4.07,5,0
T259,T259_m0,17.23,0.808,29.8,56,0.875,4.45,6,0
T259,T259_m1,21.65,0.933,2.2,59,1.0,4.96,6,0
T259,T259_m2,14.19,0.7,44.4,50,0.875,3.58,6,0
T259,T259_m3,18.05,0.675,52.4,43,0.625,3.95,6,0
T259,T259_m4,14.83,0.675,78.0,36,0.375,3.52,6,0
T259,T259_m5,14.05,0.675,65.0,38,0.5,3.25,6,0
T260,T260_m0,33.66,0.8,75.7,41,0.5,3.35,4,0
T260,T260_m1,44.76,0.933,34.2,60,0.75,4.11,4,0
T260,T260_m2,14.24,0.575,178.8,7,0.125,2.15,4,1
T260,T260_m3,7.34,0.642,167.1,18,0.25,1.91,4,1
T261,T261_m0,13.02,0.383,243.5,11,0.125,1.82,4,1
T261,T261_m1,23.34,0.808,129.2,33,0.625,3.52,4,0
T261,T261_m2,30.16,1.0,27.6,57,1.0,4.07,4,0
T261,T261_m3,33.48,0.808,45.5,49,1.0,4.12,4,0
T262,T262_m0,25.26,0.8,21.3,52,0.875,3.94,4,0
T262,T262_m1,11.58,0.308,107.8,37,0.25,2.49,4,0
T262,T262_m2,33.81,0.933,26.6,54,1.0,4.48,4,0
T262,T262_m3,29.35,1.0,26.2,39,1.0,4.23,4,0
T263,T263_m0,19.92,0.933,72.0,51,1.0,4.3,6,0
T263,T263_m1,16.1,0.933,84.7,41,0.5,3.58,6,0
T263,T263_m2,14.96,0.867,72.4,51,0.75,3.16,6,0
T263,T263_m3,24.71,1.0,53.2,54,1.0,4.58,6,0
T263,T263_m4,12.1,0.633,82.0,42,0.625,3.12,6,0
T263,T263_m5,12.2,0.308,124.1,32,0.5,2.74,6,0
T264,T264_m0,14.89,0.733,120.5,10,0.375,2.14,4,1
T264,T264_m1,19.26,0.867,76.6,44,0.25,3.49,4,0
T264,T264_m2,24.22,0.55,71.1,38,0.25,3.54,4,0
T264,T264_m3,41.64,1.0,2.0,66,1.0,5.09,4,0
T265,T265_m0,3.34,0.633,163.9,21,0.375,1.68,4,1
T265,T265_m1,5.7,0.508,232.3,12,0.125,1.78,4,1
T265,T265_m2,39.69,0.933,59.8,41,0.875,4.61,4,0
T265,T265_m3,51.28,0.6,47.4,53,0.75,4.07,4,0
T266,T266_m0,10.1,0.6,129.8,30,0.25,2.36,5,0
T266,T266_m1,26.25,0.808,85.9,33,0.75,4.0,5,0
T266,T266_m2,8.34,0.642,147.0,31,0.75,2.3,5,1
T266,T266_m3,30.25,1.0,75.6,32,0.25,4.22,5,0
T266,T266_m4,25.06,0.8,27.0,53,0.875,4.3,5,0
T267,T267_m0,25.06,1.0,32.8,55,0.875,4.17,4,0
T267,T267_m1,25.89,0.808,29.8,52,0.875,4.49,4,0
T267,T267_m2,25.32,0.867,58.0,61,0.625,4.35,4,0
T267,T267_m3,23.72,0.933,115.7,25,0.375,3.29,4,0
T268,T268_m0,26.18,0.808,63.5,38,0.5,3.36,5,0
T268,T268_m1,23.19,0.8,53.4,49,0.75,3.91,5,0
T268,T268_m2,18.65,0.767,44.1,64,0.75,3.68,5,0
T268,T268_m3,16.41,0.867,54.0,43,0.875,3.95,5,0
T268,T268_m4,15.57,0.8,59.3,40,0.625,3.92,5,0
T269,T269_m0,16.94,0.617,73.1,40,0.625,3.04,4,0
T269,T269_m1,21.07,0.867,61.6,53,0.625,2.99,4,0
T269,T269_m2,27.21,0.533,77.5,43,0.625,3.65,4,0
T269,T269_m3,34.78,0.742,74.7,37,0.625,3.53,4,0
T270,T270_m0,15.65,0.833,32.7,42,0.625,4.08,5,0
T270,T270_m1,18.26,0.7,109.2,31,0.5,3.2,5,0
T270,T270_m2,16.25,0.542,92.4,36,0.5,3.51,5,0
T270,T270_m3,26.69,0.808,81.0,45,0.875,4.29,5,0
T270,T270_m4,23.15,1.0,32.6,51,0.875,4.04,5,0
T271,T271_m0,26.85,0.575,48.4,53,0.625,3.83,5,0
T271,T271_m1,16.84,0.742,69.1,56,0.625,3.39,5,0
T271,T271_m2,19.15,0.767,42.1,49,0.5,3.9,5,0
T271,T271_m3,13.99,0.633,58.9,63,0.75,3.37,5,0
T271,T271_m4,23.18,0.633,102.0,30,0.875,3.61,5,0
T272,T272_m0,10.38,0.867,91.0,33,0.75,3.22,6,0
T272,T272_m1,12.4,0.867,82.7,37,0.75,3.69,6,0
T272,T272_m2,21.3,0.933,43.0,57,0.75,4.16,6,0
T272,T272_m3,25.57,0.667,1.7,49,1.0,4.76,6,0
T272,T272_m4,15.9,1.0,6.8,63,0.75,4.26,6,0
T272,T272_m5,14.45,0.533,89.5,38,0.75,3.08,6,0
T273,T273_m0,24.94,0.642,88.5,31,0.125,3.5,5,0
T273,T273_m1,0.91,0.8,136.1,28,0.25,1.7,5,1
T273,T273_m2,27.82,0.733,34.9,44,0.875,4.45,5,0
T273,T273_m3,19.47,0.8,83.2,44,0.875,3.64,5,0
T273,T273_m4,26.87,0.933,37.1,55,0.75,4.41,5,0
T274,T274_m0,12.28,0.633,153.9,28,0.5,2.86,5,0
T274,T274_m1,23.49,1.0,54.8,57,0.875,4.15,5,0
T274,T274_m2,22.27,0.867,47.7,63,1.0,3.89,5,0
T274,T274_m3,15.91,0.808,58.3,44,0.75,4.26,5,0
T274,T274_m4,26.05,1.0,9.0,68,0.875,4.7,5,0
T275,T275_m0,29.73,0.733,91.6,37,0.625,3.51,4,0
T275,T275_m1,33.36,0.933,69.4,33,0.75,3.31,4,0
T275,T275_m2,14.67,0.683,102.5,29,0.5,2.7,4,0
T275,T275_m3,22.24,0.742,68.1,45,0.375,3.41,4,0
T276,T276_m0,1.4,0.5,194.5,11,0.0,1.53,4,1
T276,T276_m1,13.48,0.675,80.9,40,0.375,3.1,4,0
T276,T276_m2,46.3,1.0,2.6,71,1.0,4.96,4,0
T276,T276_m3,38.81,0.933,40.3,62,0.75,4.19,4,0
T277,T277_m0,5.87,0.742,132.0,23,0.25,1.98,6,1
T277,T277_m1,10.73,0.8,115.3,10,0.625,2.28,6,1
T277,T277_m2,32.52,0.767,78.2,46,0.625,3.7,6,0
T277,T277_m3,28.9,0.867,99.1,50,0.75,3.61,6,0
T277,T277_m4,14.62,0.142,172.5,14,0.125,1.39,6,1
T277,T277_m5,7.36,0.608,146.1,10,0.25,1.66,6,1
T278,T278_m0,26.01,0.667,75.6,46,0.75,4.04,6,0
T278,T278_m1,19.38,0.933,62.5,49,0.5,2.99,6,0
T278,T278_m2,16.71,0.808,96.4,40,0.875,3.62,6,0
T278,T278_m3,18.29,0.808,114.2,34,0.375,3.52,6,0
T278,T278_m4,0.87,0.542,106.4,7,0.0,0.84,6,1
T278,T278_m5,18.74,0.867,171.6,18,0.5,3.38,6,0
T279,T279_m0,36.14,0.667,32.5,74,0.75,4.1,4,0
T279,T279_m1,24.28,0.933,131.0,32,0.5,2.89,4,0
T279,T279_m2,11.49,0.642,139.7,24,0.125,2.02,4,1
T279,T279_m3,28.09,0.742,103.3,36,0.5,3.17,4,0
T280,T280_m0,25.73,0.933,61.6,50,0.875,4.67,5,0
T280,T280_m1,9.85,0.608,140.9,22,0.0,2.23,5,1
T280,T280_m2,9.55,0.342,149.2,18,0.375,2.05,5,1
T280,T280_m3,24.51,0.8,78.6,45,0.625,3.42,5,0
T280,T280_m4,30.36,1.0,18.3,61,1.0,4.57,5,0
T281,T281_m0,9.67,0.45,194.7,13,0.125,1.27,4,1
T281,T281_m1,31.11,1.0,104.2,35,0.625,3.92,4,0
T281,T281_m2,27.61,0.742,53.7,46,0.75,3.89,4,0
T281,T281_m3,31.61,0.642,54.1,48,0.875,4.15,4,0
T282,T282_m0,25.83,1.0,45.8,60,0.875,4.62,5,0
T282,T282_m1,19.0,0.8,57.1,40,0.625,3.98,5,0
T282,T282_m2,19.22,0.7,34.4,63,0.875,3.75,5,0
T282,T282_m3,20.36,0.933,20.3,55,0.875,4.04,5,0
T282,T282_m4,15.59,0.442,103.0,36,0.375,3.43,5,0
T283,T283_m0,29.04,0.933,37.5,54,0.625,3.86,4,0
T283,T283_m1,36.12,0.933,8.0,63,0.875,4.28,4,0
T283,T283_m2,30.64,0.608,37.6,54,1.0,3.87,4,0
T283,T283_m3,4.2,0.442,251.7,12,0.125,1.45,4,1
T284,T284_m0,20.6,0.875,72.5,37,0.625,3.61,6,0
T284,T284_m1,22.49,1.0,30.3,51,0.625,4.22,6,0
T284,T284_m2,23.75,0.867,1.8,63,1.0,4.74,6,0
T284,T284_m3,12.01,0.517,60.6,44,0.75,3.95,6,0
T284,T284_m4,12.8,0.55,95.3,26,0.5,2.31,6,1
T284,T284_m5,8.34,0.742,125.9,41,0.25,2.6,6,0
T285,T285_m0,31.13,0.867,53.9,39,0.75,3.69,4,0
T285,T285_m1,33.85,0.833,81.5,43,0.5,4.15,4,0
T285,T285_m2,7.07,0.342,181.9,5,0.125,0.95,4,1
T285,T285_m3,27.94,0.933,47.7,63,0.75,3.68,4,0
T286,T286_m0,20.85,0.875,85.9,37,0.75,3.73,5,0
T286,T286_m1,15.84,0.867,45.1,55,1.0,3.48,5,0
T286,T286_m2,23.91,0.933,21.7,60,1.0,4.46,5,0
T286,T286_m3,20.44,0.808,28.2,57,0.75,4.0,5,0
T286,T286_m4,18.95,0.867,74.9,54,0.625,3.73,5,0
T287,T287_m0,25.17,0.8,52.1,54,0.875,3.47,4,0
T287,T287_m1,35.34,0.867,7.3,56,1.0,4.85,4,0
T287,T287_m2,29.89,0.933,59.9,45,0.625,4.11,4,0
T287,T287_m3,9.6,0.45,127.2,28,0.375,2.26,4,1
T288,T288_m0,30.57,0.933,48.7,46,0.875,4.72,6,0
T288,T288_m1,0.95,0.442,185.2,5,0.0,1.08,6,1
T288,T288_m2,7.45,0.508,178.1,29,0.0,2.2,6,1
T288,T288_m3,16.64,0.767,104.7,35,0.25,3.32,6,0
T288,T288_m4,31.24,0.933,34.3,48,1.0,4.61,6,0
T288,T288_m5,13.14,0.475,97.9,25,0.375,2.34,6,0
T289,T289_m0,27.02,0.933,61.1,41,0.625,3.57,6,0
T289,T289_m1,11.31,0.742,106.3,37,0.25,3.13,6,0
T289,T289_m2,7.62,0.8,119.2,22,0.75,2.64,6,1
T289,T289_m3,10.16,0.55,104.4,32,0.375,2.57,6,1
T289,T289_m4,21.28,0.833,59.2,49,0.75,3.75,6,0
T289,T289_m5,22.6,0.742,115.8,34,0.625,3.46,6,0
T290,T290_m0,26.65,0.808,47.4,42,0.625,3.46,4,0
T290,T290_m1,24.17,0.8,108.0,40,0.625,3.32,4,0
T290,T290_m2,26.9,1.0,121.4,28,0.625,2.74,4,0
T290,T290_m3,22.28,0.45,78.9,42,0.5,3.15,4,0
T291,T291_m0,12.28,0.875,60.4,54,0.625,3.58,6,0
T291,T291_m1,14.32,0.675,115.7,42,0.875,3.08,6,0
T291,T291_m2,17.75,0.508,95.6,35,0.875,3.71,6,0
T291,T291_m3,20.41,0.867,52.2,47,0.75,3.82,6,0
T291,T291_m4,18.8,0.867,75.3,38,0.625,3.21,6,0
T291,T291_m5,16.44,0.567,116.1,23,0.5,3.05,6,0
T292,T292_m0,27.0,1.0,27.3,51,1.0,4.55,4,0
T292,T292_m1,4.87,0.6,197.1,13,0.25,1.79,4,1
T292,T292_m2,31.03,0.875,35.9,41,0.625,4.18,4,0
T292,T292_m3,37.1,0.933,22.7,58,0.875,5.01,4,0
T293,T293_m0,21.92,0.425,185.1,20,0.125,1.71,4,1
T293,T293_m1,28.12,0.767,85.0,32,0.625,3.28,4,0
T293,T293_m2,22.13,0.867,88.8,34,0.5,3.24,4,0
T293,T293_m3,27.83,0.808,85.5,38,0.375,3.13,4,0
T294,T294_m0,31.46,0.933,48.1,51,1.0,4.34,4,0
T294,T294_m1,25.65,0.642,84.0,31,0.5,2.85,4,0
T294,T294_m2,16.23,0.575,134.2,40,0.25,2.49,4,1
T294,T294_m3,26.67,0.7,123.2,32,0.625,3.61,4,0
T295,T295_m0,24.12,0.675,46.7,37,0.625,4.13,5,0
T295,T295_m1,21.82,0.867,101.1,37,0.5,3.18,5,0
T295,T295_m2,1.07,0.508,151.1,17,0.0,1.53,5,1
T295,T295_m3,20.98,0.767,125.7,32,0.25,3.37,5,0
T295,T295_m4,32.01,0.875,68.0,46,0.625,3.64,5,0
T296,T296_m0,18.36,1.0,17.1,59,0.875,4.45,6,0
T296,T296_m1,17.32,0.542,117.3,40,0.75,4.07,6,0
T296,T296_m2,0.75,0.483,197.8,13,0.125,1.86,6,1
T296,T296_m3,21.84,1.0,2.1,67,0.875,4.81,6,0
T296,T296_m4,19.75,0.867,19.2,57,0.625,4.58,6,0
T296,T296_m5,21.98,0.867,32.4,57,0.75,4.4,6,0
T297,T297_m0,25.77,0.742,18.2,75,0.875,3.93,4,0
T297,T297_m1,19.61,0.508,74.4,32,0.75,2.89,4,0
T297,T297_m2,30.1,0.933,6.5,64,1.0,4.8,4,0
T297,T297_m3,24.51,0.767,47.6,49,0.75,4.09,4,0
T298,T298_m0,32.36,0.675,24.7,61,0.625,3.92,4,0
T298,T298_m1,24.68,0.867,117.4,45,0.5,3.0,4,0
T298,T298_m2,35.62,0.7,1.7,75,0.875,5.01,4,0
T298,T298_m3,7.34,0.325,132.3,25,0.125,1.73,4,1
T299,T299_m0,19.97,0.45,32.7,48,0.75,4.1,6,0
T299,T299_m1,17.05,0.492,103.8,46,0.75,3.95,6,0
T299,T299_m2,17.28,0.7,103.0,47,0.875,3.48,6,0
T299,T299_m3,22.85,0.875,1.9,73,0.75,4.5,6,0
T299,T299_m4,3.84,0.642,168.2,9,0.125,1.76,6,1
T299,T299_m5,19.01,0.683,99.7,36,0.375,3.67,6,0
